itemName,모험가 명성,힘,체력,지능,정신력,HP MAX,MP MAX,공격속도,캐스트속도,마을 이동 속도 증가,이동속도,물리 크리티컬 히트,모든 속성 강화,마법 크리티컬 히트,공격력 증폭,버프력 증폭,물리 공격력,마법 공격력,독립 공격력,인벤토리 무게 한도,회피율,적중률,모든 속성 저항,수속성강화,명속성강화,화속성강화,암속성강화,MP 1분당 회복,점프력,HP 1분당 회복,히트리커버리,물리 방어력,마법 방어력,모든 상태 이상 내성
파핑파핑 8비트 슈므,315,,,,,,,,,,,,,,,,,,,,,,,,,,,,,,,,,
쁘띠 마법 흑토끼,491,,,,,,,,,,,,,,,,,,,,,,,,,,,,,,,,,
파핑파핑 8비트 행운의 용,315,,,,,,,,,,,,,,,,,,,,,,,,,,,,,,,,,
SD 흑호,315,20.0,22.0,20.0,22.0,20.0,20,2.2%,2.2%,,,,,,,,,,,,,,,,,,,,,,,,,
흑빙룡 아퀼로,315,,,,,,,,,,,,,,,,,,,,,,,,,,,,,,,,,
파핑파핑 8비트 세리아,315,,,,,,,,,,,,,,,,,,,,,,,,,,,,,,,,,
SD 어비스의 근원,315,,,,,,,,,,,,,,,,,,,,,,,,,,,,,,,,,
SD 청룡 히만,315,,,,,,,,,,,,,,,,,,,,,,,,,,,,,,,,,
SD 히만 스텔라,491,,,,,,,,,,,,,,,,,,,,,,,,,,,,,,,,,
SD쁘띠 워커,491,,,,,,,,,,,,,,,,,,,,,,,,,,,,,,,,,
개구쟁이 세리아,315,,,,,,,,,,,,,,,,,,,,,,,,,,,,,,,,,
8비트 아처,315,,,,,,,,,,,,,,,,,,,,,,,,,,,,,,,,,
18주년 SD 히만 스텔라,491,,,,,,,,,,,,,,,,,,,,,,,,,,,,,,,,,
16주년 SD 히만 스텔라,315,16.0,16.0,16.0,16.0,,,,,10%,,,,,,,,,,,,,,,,,,,,,,,,
쁘띠 마법토끼,491,,,,,,,,,,,,,,,,,,,,,,,,,,,,,,,,,
하프물범[아라드패스],315,,,,,,,,,,,,,,,,,,,,,,,,,,,,,,,,,
씽씽법,315,,,,,,,,,,,,,,,,,,,,,,,,,,,,,,,,,
SD 태초의 세리아,889,100.0,110.0,100.0,110.0,,5%,2%,2%,,2%,3%,25.0,3%,20%,5%,,,,,,,,,,,,,,,,,,
SD 네온단,315,,,,,,,,,,,,,,,,,,,,,,,,,,,,,,,,,
파핑파핑 8비트 여마법사,315,,,,,,,,,,,,,,,,,,,,,,,,,,,,,,,,,
멋쟁이법,315,,,,,,,,,,,,,,,,,,,,,,,,,,,,,,,,,
에지,731,65.0,65.0,65.0,65.0,,5%,2%,2%,,2%,3%,,3%,18%,,,,,,,,,,,,,,,,,,,
슈퍼 메카 단진,315,,,,,,,,,,,,,,,,,,,,,,,,,,,,,,,,,
장난꾸러기 세리아,315,,,,,,,,,,,,,,,,,,,,,,,,,,,,,,,,,
SD 가이드 히만 스텔라,810,100.0,110.0,100.0,110.0,,5%,2%,2%,,2%,3%,10.0,3%,19%,3%,,,,,,,,,,,,,,,,,,
이불이최고법,315,,,,,,,,,,,,,,,,,,,,,,,,,,,,,,,,,
파핑파핑 8비트 나이트,315,,,,,,,,,,,,,,,,,,,,,,,,,,,,,,,,,
말썽꾸러기 세리아,315,,,,,,,,,,,,,,,,,,,,,,,,,,,,,,,,,
차원의 마검사 레니아,889,100.0,110.0,100.0,110.0,,5%,2%,2%,,2%,3%,25.0,3%,20%,5%,,,,,,,,,,,,,,,,,,
비트비트 8비트 여거너,315,,,,,,,,,,,,,,,,,,,,,,,,,,,,,,,,,
파핑파핑 8비트 여귀검사,315,,,,,,,,,,,,,,,,,,,,,,,,,,,,,,,,,
SD 호랑 세리아,731,65.0,65.0,65.0,65.0,,5%,2%,2%,,2%,3%,,3%,17%,,,,,,,,,,,,,,,,,,,
슈퍼마법법,315,,,,,,,,,,,,,,,,,,,,,,,,,,,,,,,,,
파핑파핑 8비트 여프리스트,315,,,,,,,,,,,,,,,,,,,,,,,,,,,,,,,,,
궁사 빅토리아,491,,,,,,5%,,,,,,,,10%,,,,,,,,,,,,,,,,,,,
파핑파핑 8비트 스노우메이지,315,,,,,,,,,,,,,,,,,,,,,,,,,,,,,,,,,
SD 트렌드세터[단련된],601,65.0,65.0,65.0,65.0,,5%,2%,2%,,2%,3%,20.0,3%,,,,,,,,,,,,,,,,,,,,
SD 솔도로스,601,15.0,15.0,15.0,15.0,,,1.5%,1.5%,,1.5%,15%,,15%,15%,,,,,,,,,,,,,,,,,,,
SD 엑스마키나[노련한],731,65.0,65.0,65.0,65.0,,5%,2%,2%,,2%,3%,,3%,18%,,,,,,,,,,,,,,,,,,,
북극여우[아라드패스],315,,,,,,,,,,,,,,,,,,,,,,,,,,,,,,,,,
강인한 테네브리스,601,20.0,20.0,,,,5%,2%,2%,,2%,,,,,,,,,,,,,,,,,,,,,,,
고블린,315,,,,,,,,,,,,,,,,,,,,,,,,,,,,,,,,,
하프물범,397,35.0,,35.0,,,,,,,,7%,10.0,7%,,,,,,,,,,,,,,,,,,,,
SD 세라핌[단련된],601,65.0,65.0,65.0,65.0,,5%,2%,2%,,2%,3%,20.0,3%,,,,,,,,,,,,,,,,,,,,
SD 칼로소,601,15.0,15.0,15.0,15.0,,,1.5%,1.5%,,1.5%,15%,,15%,15%,,,,,,,,,,,,,,,,,,,
파핑파핑 8비트 달비,315,,,,,,,,,,,,,,,,,,,,,,,,,,,,,,,,,
SD 렘,397,,,,,,,,,,,7%,10.0,7%,,,20.0,20.0,20.0,,,,,,,,,,,,,,,
명석한 루메누스,601,,,20.0,20.0,,5%,2%,2%,,2%,,,,,,,,,,,,,,,,,,,,,,,
SD 아스타로스,601,65.0,65.0,65.0,65.0,,,,,,,3%,,3%,,,,,75.0,,,,,,,,,,,,,,,
쁘띠 샤크,315,,,,,,,,,,,,,,,,,,,,,,,,,,,,,,,,,
필라시아호,315,,,,,,,,,,,,,,,,,,,,,,,,,,,,,,,,,
SD 꼬까옷 세리아,315,,,,,,,,,,,,,,,,,,,,,,,,,,,,,,,,,
계란모법,315,,,,,,,,,,,,,,,,,,,,,,,,,,,,,,,,,
행복해법,315,,,,,,,,,,,,,,,,,,,,,,,,,,,,,,,,,
SD 셀레스티얼[단련된],601,65.0,65.0,65.0,65.0,,5%,2%,2%,,2%,3%,20.0,3%,,,,,,,,,,,,,,,,,,,,
NEW 쁘띠 게느,491,,,,,,,,,,,,,,,,,,,,,,,,,,,,,,,,,
파핑파핑 8비트 여거너,315,,,,,,,,,,,,,,,,,,,,,,,,,,,,,,,,,
아트던展 오즈마 크리쳐,315,,,,,,,,,,,,,,,,,,,,,,,,,,,,,,,,,
SD 축가 세리아,315,,,,,,,,,,,,,,,,,,,,,,,,,,,,,,,,,
SD 양 세리아,491,,,,,,,,,,,,,,,,,,,,,,,,,,,,,,,,,
SD 아젤리아 로트,601,65.0,65.0,65.0,65.0,,5%,2%,2%,,2%,3%,,3%,15%,,,,,,,,,,,,,,,,,,,
꼬마 단진,491,,,,,,,,,,,,,,,,,,,,,,,,,,,,,,,,,
파핑파핑 8비트 도적,315,,,,,,,,,,,,,,,,,,,,,,,,,,,,,,,,,
달의 수호자 야나[노련한],731,65.0,65.0,65.0,65.0,,5%,2%,2%,,2%,3%,,3%,18%,,,,,,,,,,,,,,,,,,,
파핑파핑 8비트 여격투가,315,,,,,,,,,,,,,,,,,,,,,,,,,,,,,,,,,
강인한 이그니스,601,20.0,20.0,,,,5%,2%,2%,,2%,,,,,,,,,,,,,,,,,,,,,,,
SD 람,397,,,,,,,,,,,7%,10.0,7%,,,20.0,20.0,20.0,,,,,,,,,,,,,,,
SD 은광의 타고르[강인한],601,65.0,65.0,65.0,65.0,,5%,2%,2%,,2%,3%,,3%,15%,,,,,,,,,,,,,,,,,,,
그리니,315,,,,,,,,,,,,,,,,,,,,,,,,,,,,,,,,,
차원의 모범생 로지,491,,,,,,,,,,,,,,,,,,,,,,,,,,,,,,,,,
쁘띠 맛깨비,315,,,,,,,,,,,,,,,,,,,,,,,,,,,,,,,,,
파핑파핑 8비트 남거너,315,,,,,,,,,,,,,,,,,,,,,,,,,,,,,,,,,
SD 팩,601,20.0,20.0,20.0,20.0,,5%,2%,2%,,2%,,,,,,,,,,,,,,,,,,,,,,,
쁘띠 게느,315,25.0,25.0,25.0,25.0,,,,,,,3%,,3%,,,,,,10kg,,,,,,,,,,,,,,
파핑파핑 8비트 다크나이트,315,,,,,,,,,,,,,,,,,,,,,,,,,,,,,,,,,
뇌광의 사수 빅토리아,731,65.0,65.0,65.0,65.0,,5%,2%,2%,,2%,3%,,3%,18%,,,,,,,,,,,,,,,,,,,
파핑파핑 8비트 총검사,315,,,,,,,,,,,,,,,,,,,,,,,,,,,,,,,,,
심술법,315,,,,,,,,,,,,,,,,,,,,,,,,,,,,,,,,,
파핑파핑 8비트 아처,315,,,,,,,,,,,,,,,,,,,,,,,,,,,,,,,,,
SD 악귀나찰[노련한],731,65.0,65.0,65.0,65.0,,5%,2%,2%,,2%,3%,,3%,18%,,,,,,,,,,,,,,,,,,,
SD 축가 세리아[시즌10],491,,,,,,,,,,,,,,,,,,,,,,,,,,,,,,,,,
파핑파핑 8비트 남귀검사,315,,,,,,,,,,,,,,,,,,,,,,,,,,,,,,,,,
SD 벤데타[단련된],601,65.0,65.0,65.0,65.0,,5%,2%,2%,,2%,3%,20.0,3%,,,,,,,,,,,,,,,,,,,,
파핑파핑 8비트 남격투가,315,,,,,,,,,,,,,,,,,,,,,,,,,,,,,,,,,
순백의 나비 공주,889,100.0,110.0,100.0,110.0,,5%,2%,2%,,2%,3%,25.0,3%,20%,5%,,,,,,,,,,,,,,,,,,
SD 디어사이드[노련한],731,65.0,65.0,65.0,65.0,,5%,2%,2%,,2%,3%,,3%,18%,,,,,,,,,,,,,,,,,,,
페어리 퀸,731,65.0,65.0,65.0,65.0,,5%,2%,2%,,2%,3%,,3%,18%,,,,,,,,,,,,,,,,,,,
프로 서퍼 줄리아,491,,,,,,5%,2%,2%,,2%,3%,,3%,,,,,,,,,,,,,,,,,,,,
SD 네메시스[노련한],731,65.0,65.0,65.0,65.0,,5%,2%,2%,,2%,3%,,3%,18%,,,,,,,,,,,,,,,,,,,
SD 염제 폐월수화[노련한],731,65.0,65.0,65.0,65.0,,5%,2%,2%,,2%,3%,,3%,18%,,,,,,,,,,,,,,,,,,,
명석한 아쿠아젤로,601,,,20.0,20.0,,5%,2%,2%,,2%,,,,,,,,,,,,,,,,,,,,,,,
디자이너 엘레나[노련한],731,65.0,65.0,65.0,65.0,,5%,2%,2%,,2%,3%,,3%,18%,,,,,,,,,,,,,,,,,,,
태양의 수호자 키르케[노련한],731,65.0,65.0,65.0,65.0,,5%,2%,2%,,2%,3%,,3%,18%,,,,,,,,,,,,,,,,,,,
SD 퀸비,315,,,,,,,,,,,,,,,,,,,,,,,,,,,,,,,,,
차원 과학자 헤스,601,65.0,65.0,65.0,65.0,,,,,,,3%,,3%,,,,,75.0,,,,,,,,,,,,,,,
우울한법,315,,,,,,,,,,,,,,,,,,,,,,,,,,,,,,,,,
SD 헤카테[단련된],601,65.0,65.0,65.0,65.0,,5%,2%,2%,,2%,3%,20.0,3%,,,,,,,,,,,,,,,,,,,,
쁘띠 벨벳,315,,,,,,,,,,,,,,,,,,,,,,,,,,,,,,,,,
SD 블러드 이블[노련한],731,65.0,65.0,65.0,65.0,,5%,2%,2%,,2%,3%,,3%,18%,,,,,,,,,,,,,,,,,,,
쁘띠 토그,315,25.0,25.0,25.0,25.0,,,,,,,3%,,3%,,,,,,10kg,,,,,,,,,,,,,,
SD 신검 양얼,601,65.0,65.0,65.0,65.0,,5%,2%,2%,,2%,3%,,3%,15%,,,,,,,,,,,,,,,,,,,
차원의 문제아 에르,491,,,,,,,,,,,,,,,,,,,,,,,,,,,,,,,,,
[NEW]핫섬머 SD나이트 크리쳐,601,15.0,15.0,15.0,15.0,,,1.5%,1.5%,,1.5%,15%,,15%,15%,,,,,,,,,,,,,,,,,,,
소울브링어 레바,315,20.0,,20.0,,,5%,,,,,,,,,,,,,,,,,,,,,,,,,,,
SD 초월의 노르닐,491,,,,,,5%,,,,,,,,10%,,,,,,,,,,,,,,,,,,,
쁘띠 폴리스걸,315,,,,,,,,,,,,,,,,,,,,,,,,,,,,,,,,,
SD 아이린,315,,,,,,,,,,,,,,,,,,,,,,,,,,,,,,,,,
SD 다크로드[노련한],731,65.0,65.0,65.0,65.0,,5%,2%,2%,,2%,3%,,3%,18%,,,,,,,,,,,,,,,,,,,
차원 여행자 에오스,601,65.0,65.0,65.0,65.0,,5%,2%,2%,,2%,3%,,3%,15%,,,,,,,,,,,,,,,,,,,
SD 트래블러 루나,315,,,,,,,,,,,,,,,,,,,,,,,,,,,,,,,,,
시계태엽 글릭,315,,,,,,,,,,,,,,,,,,,,,,,,,,,,,,,,,
SD 크림슨 로제[노련한],731,65.0,65.0,65.0,65.0,,5%,2%,2%,,2%,3%,,3%,18%,,,,,,,,,,,,,,,,,,,
SD 타나토스[노련한],731,65.0,65.0,65.0,65.0,,5%,2%,2%,,2%,3%,,3%,18%,,,,,,,,,,,,,,,,,,,
SD 검신[노련한],731,65.0,65.0,65.0,65.0,,5%,2%,2%,,2%,3%,,3%,18%,,,,,,,,,,,,,,,,,,,
레인저 레바,315,20.0,,20.0,,,5%,,,,,,,,,,,,,,,,,,,,,,,,,,,
따라오는 발걸음,315,,,,,,5%,2%,,,2%,,,,,,,,,,2%,2%,,,,,,,,,,,,
유이,323,35.0,35.0,35.0,35.0,,,2%,2%,,2%,,,,,,,,,,,,,,,,,,,,,,,
NEW 쁘띠 토그,491,,,,,,,,,,,,,,,,,,,,,,,,,,,,,,,,,
SD 엘프 사제,601,65.0,65.0,65.0,65.0,,5%,2%,2%,,2%,3%,,3%,15%,,,,,,,,,,,,,,,,,,,
파핑파핑 8비트 남프리스트,315,,,,,,,,,,,,,,,,,,,,,,,,,,,,,,,,,
비트 앤 전설 여성 모험가,315,,,,,,,,,,,,,,,,,,,,,,,,,,,,,,,,,
SD 지니위즈[노련한],731,65.0,65.0,65.0,65.0,,5%,2%,2%,,2%,3%,,3%,18%,,,,,,,,,,,,,,,,,,,
SD 크림슨 로제[단련된],601,65.0,65.0,65.0,65.0,,5%,2%,2%,,2%,3%,20.0,3%,,,,,,,,,,,,,,,,,,,,
SD 여귀검사 크리쳐,491,,,,,,,,,,,,,,,,,,,,,,,,,,,,,,,,,
아이유,315,,,,,,,,,10%,,2%,,2%,,,,,,,,,,,,,,,,,,,,
SD 디외르베[강인한],601,65.0,65.0,65.0,65.0,,5%,2%,2%,,2%,3%,,3%,15%,,,,,,,,,,,,,,,,,,,
서번트 : 세이버 크리쳐,323,35.0,35.0,35.0,35.0,,,2%,2%,,2%,,,,,,,,,,,,,,,,,,,,,,,
SD 커맨더[노련한],731,65.0,65.0,65.0,65.0,,5%,2%,2%,,2%,3%,,3%,18%,,,,,,,,,,,,,,,,,,,
파핑파핑 8비트 마창사,315,,,,,,,,,,,,,,,,,,,,,,,,,,,,,,,,,
SD 마탄 6 레이나,315,,,,,,,,,10%,,,,,,,,,,,,,,,,,,,,,,,,
초월한 시공 여행자 에오스,731,65.0,65.0,65.0,65.0,,5%,2%,2%,,2%,3%,,3%,18%,,,,,,,,,,,,,,,,,,,
쁘띠 베키,491,,,,,,5%,,,,,,,,10%,,,,,,,,,,,,,,,,,,,
SD 리디머[노련한],731,65.0,65.0,65.0,65.0,,5%,2%,2%,,2%,3%,,3%,18%,,,,,,,,,,,,,,,,,,,
톱니의 요정,315,,,,,,,,,10%,,,,,,,,,,,,,,,,,,,,,,,,
SD 엘리자베스,315,,,,,,,,,,,,,,,,,,,,,,,,,,,,,,,,,
SD 아슈타르테[단련된],601,65.0,65.0,65.0,65.0,,5%,2%,2%,,2%,3%,20.0,3%,,,,,,,,,,,,,,,,,,,,
SD 인다라천[노련한],731,65.0,65.0,65.0,65.0,,5%,2%,2%,,2%,3%,,3%,18%,,,,,,,,,,,,,,,,,,,
SD 디스트로이어[노련한],731,65.0,65.0,65.0,65.0,,5%,2%,2%,,2%,3%,,3%,18%,,,,,,,,,,,,,,,,,,,
SD 카잔,601,30.0,30.0,30.0,30.0,,,2%,2%,,2%,5%,,5%,15%,,,,,,,,,,,,,,,,,,,
SD 검제[노련한],731,65.0,65.0,65.0,65.0,,5%,2%,2%,,2%,3%,,3%,18%,,,,,,,,,,,,,,,,,,,
황제펭귄[아라드패스],315,,,,,,,,,,,,,,,,,,,,,,,,,,,,,,,,,
SD 아슈타르테[노련한],731,65.0,65.0,65.0,65.0,,5%,2%,2%,,2%,3%,,3%,18%,,,,,,,,,,,,,,,,,,,
서퍼 웰시코기,601,65.0,65.0,65.0,65.0,,5%,2%,2%,,2%,3%,,3%,15%,,,,,,,,,,,,,,,,,,,
SD 세라핌[노련한],731,65.0,65.0,65.0,65.0,,5%,2%,2%,,2%,3%,,3%,18%,,,,,,,,,,,,,,,,,,,
SD 삼토니,315,,,,,,,,,,,,,,,,,,,,,,,,,,,,,,,,,
SD 패황[노련한],731,65.0,65.0,65.0,65.0,,5%,2%,2%,,2%,3%,,3%,18%,,,,,,,,,,,,,,,,,,,
SD 오버마인드[노련한],731,65.0,65.0,65.0,65.0,,5%,2%,2%,,2%,3%,,3%,18%,,,,,,,,,,,,,,,,,,,
SD 마제스티[노련한],731,65.0,65.0,65.0,65.0,,5%,2%,2%,,2%,3%,,3%,18%,,,,,,,,,,,,,,,,,,,
SD 이론제&아론제,601,65.0,65.0,65.0,65.0,,5%,2%,2%,,2%,3%,,3%,15%,,,,,,,,,,,,,,,,,,,
SD 다크로드[단련된],601,65.0,65.0,65.0,65.0,,5%,2%,2%,,2%,3%,20.0,3%,,,,,,,,,,,,,,,,,,,,
염호족 미호,397,,,,,,,,,,,7%,10.0,7%,,,20.0,20.0,20.0,,,,,,,,,,,,,,,
SD 여거너 크리쳐,491,,,,,,,,,,,,,,10%,,,,,,,,,,,,,,,,,,,
몬스터 파이터즈 - 격돌,315,,,,,,,,,,,,,,,,,,,,,,,,,,,,,,,,,
SD 지니위즈[단련된],601,65.0,65.0,65.0,65.0,,5%,2%,2%,,2%,3%,20.0,3%,,,,,,,,,,,,,,,,,,,,
북극여우,397,35.0,,35.0,,,,,,,,7%,10.0,7%,,,,,,,,,,,,,,,,,,,,
아스나,323,35.0,35.0,35.0,35.0,,,2%,2%,,2%,,,,,,,,,,,,,,,,,,,,,,,
SD 세이비어[노련한],731,65.0,65.0,65.0,65.0,,5%,2%,2%,,2%,3%,,3%,18%,,,,,,,,,,,,,,,,,,,
SD 블러드 이블[단련된],601,65.0,65.0,65.0,65.0,,5%,2%,2%,,2%,3%,20.0,3%,,,,,,,,,,,,,,,,,,,,
SD 카이저[단련된],601,65.0,65.0,65.0,65.0,,5%,2%,2%,,2%,3%,20.0,3%,,,,,,,,,,,,,,,,,,,,
마도학자 레바,315,20.0,,20.0,,,5%,,,,,,,,,,,,,,,,,,,,,,,,,,,
SD 무직,315,,,,,,,,,,,,,,,,,,,,,,,,,,,,,,,,,
SD 염황 광풍제월[노련한],731,65.0,65.0,65.0,65.0,,5%,2%,2%,,2%,3%,,3%,18%,,,,,,,,,,,,,,,,,,,
SD 검신[단련된],601,65.0,65.0,65.0,65.0,,5%,2%,2%,,2%,3%,20.0,3%,,,,,,,,,,,,,,,,,,,,
파핑파핑 8비트 크리에이터,315,,,,,,,,,,,,,,,,,,,,,,,,,,,,,,,,,
SD 인페르노[노련한],731,65.0,65.0,65.0,65.0,,5%,2%,2%,,2%,3%,,3%,18%,,,,,,,,,,,,,,,,,,,
SD 캐서린,315,,,,,,,,,,,,,,,,,,,,,,,,,,,,,,,,,
SD 천선낭랑[노련한],731,65.0,65.0,65.0,65.0,,5%,2%,2%,,2%,3%,,3%,18%,,,,,,,,,,,,,,,,,,,
폭풍을 부르는 성녀 글로리아,731,65.0,65.0,65.0,65.0,,5%,2%,2%,,2%,3%,,3%,18%,,,,,,,,,,,,,,,,,,,
SD 마신[단련된],601,65.0,65.0,65.0,65.0,,5%,2%,2%,,2%,3%,20.0,3%,,,,,,,,,,,,,,,,,,,,
SD 드레드노트[노련한],731,65.0,65.0,65.0,65.0,,5%,2%,2%,,2%,3%,,3%,18%,,,,,,,,,,,,,,,,,,,
SD 디어사이드[단련된],601,65.0,65.0,65.0,65.0,,5%,2%,2%,,2%,3%,20.0,3%,,,,,,,,,,,,,,,,,,,,
유모차냥,601,,,,,,5%,,,,,2%,,2%,,,,,,,,,,,,,,,,,,,,
SD 타나토스[단련된],601,65.0,65.0,65.0,65.0,,5%,2%,2%,,2%,3%,20.0,3%,,,,,,,,,,,,,,,,,,,,
초월한 시공 과학자 헤스,731,100.0,100.0,100.0,100.0,,,,,,,3%,,3%,,,,,100.0,,,,,,,,,,,,,,,
SD 트래블러 루나[시즌11],491,,,,,,,,,,,,,,,,,,,,,,,,,,,,,,,,,
SD 염황 광풍제월[단련된],601,65.0,65.0,65.0,65.0,,5%,2%,2%,,2%,3%,20.0,3%,,,,,,,,,,,,,,,,,,,,
[NEW]핫섬머 SD여프리스트 크리쳐,601,15.0,15.0,15.0,15.0,,,1.5%,1.5%,,1.5%,15%,,15%,15%,,,,,,,,,,,,,,,,,,,
영웅의 격전지 - 생명,397,,,,,,,,,,,,,,,,,,,,,,,,,,,,,,,,,
SD 도미나 헤일리,491,,,,,,5%,,,,,,,,10%,,,,,,,,,,,,,,,,,,,
꿀잠 요정,397,25.0,25.0,25.0,25.0,,,,,,,5%,10.0,5%,,,,,,,,,,,,,,,,,,,,
SD 벤데타[노련한],731,65.0,65.0,65.0,65.0,,5%,2%,2%,,2%,3%,,3%,18%,,,,,,,,,,,,,,,,,,,
SD 가이아[노련한],731,65.0,65.0,65.0,65.0,,5%,2%,2%,,2%,3%,,3%,18%,,,,,,,,,,,,,,,,,,,
SD 프레이야[노련한],731,65.0,65.0,65.0,65.0,,5%,2%,2%,,2%,3%,,3%,18%,,,,,,,,,,,,,,,,,,,
피닉스,315,,,,,,5%,,,,,,,,,,,,,,,,10%,,,,,,,,,,,
SD 누렁이,491,,,,,150.0,5%,,,,,,,,,,,,,,,,,,,,,,,,,,,
쿠키,315,,,,,,,,,,,,,,,,,,,,,,,,,,,,,,,,,
SD 리디머[단련된],601,65.0,65.0,65.0,65.0,,5%,2%,2%,,2%,3%,20.0,3%,,,,,,,,,,,,,,,,,,,,
SD 다크나이트 크리쳐,491,,,,,,,,,,,,,,,,,,,,,,,,,,,,,,,,,
RB Ver.P,731,65.0,65.0,65.0,65.0,,5%,2%,2%,,2%,3%,,3%,18%,,,,,,,,,,,,,,,,,,,
SD 이클립스[노련한],731,65.0,65.0,65.0,65.0,,5%,2%,2%,,2%,3%,,3%,18%,,,,,,,,,,,,,,,,,,,
욱더지,315,13.0,13.0,13.0,13.0,,,,,,,,,,,,13.0,13.0,13.0,,,,,,,,,,,,,,,
듬직한 누렁이,315,,,,,150.0,5%,,,,,,,,,,,,,,,,,,,,,,,,,,,
SD 여프리스트 크리쳐,315,25.0,25.0,25.0,25.0,,,,,,,5%,,5%,,,,,,,,,,,,,,,,,,,,
SD 암거래상,315,,,,,,,,,,,,,,,,,,,,,,,,,,,,,,,,,
SD 레퀴엠[단련된],601,65.0,65.0,65.0,65.0,,5%,2%,2%,,2%,3%,20.0,3%,,,,,,,,,,,,,,,,,,,,
SD 총검사 크리쳐,491,15.0,15.0,15.0,15.0,,,,,,,,,,,,10.0,10.0,10.0,,,,,,,,,,,,,,,
SD 염제 폐월수화[단련된],601,65.0,65.0,65.0,65.0,,5%,2%,2%,,2%,3%,20.0,3%,,,,,,,,,,,,,,,,,,,,
SD 엘프 방패병,601,65.0,65.0,65.0,65.0,,5%,2%,2%,,2%,3%,,3%,15%,,,,,,,,,,,,,,,,,,,
재빠른 호돌이,315,,,,,,5%,2%,2%,,3%,,,,,,,,,,,,,,,,,,,,,,,
SD 알키오네[노련한],731,65.0,65.0,65.0,65.0,,5%,2%,2%,,2%,3%,,3%,18%,,,,,,,,,,,,,,,,,,,
SD 카이저[노련한],731,65.0,65.0,65.0,65.0,,5%,2%,2%,,2%,3%,,3%,18%,,,,,,,,,,,,,,,,,,,
SD 그림리퍼[노련한],731,65.0,65.0,65.0,65.0,,5%,2%,2%,,2%,3%,,3%,18%,,,,,,,,,,,,,,,,,,,
SD 용독문주[단련된],601,65.0,65.0,65.0,65.0,,5%,2%,2%,,2%,3%,20.0,3%,,,,,,,,,,,,,,,,,,,,
SD 레퀴엠[노련한],731,65.0,65.0,65.0,65.0,,5%,2%,2%,,2%,3%,,3%,18%,,,,,,,,,,,,,,,,,,,
작은 바이킹 점원(여),315,,,,,,,,,,,,,,,,,,,,,,,,,,,,,,,,,
SD 마신[노련한],731,65.0,65.0,65.0,65.0,,5%,2%,2%,,2%,3%,,3%,18%,,,,,,,,,,,,,,,,,,,
SD 엘프 궁수,601,65.0,65.0,65.0,65.0,,5%,2%,2%,,2%,3%,,3%,15%,,,,,,,,,,,,,,,,,,,
SD 엘프 마도사,601,65.0,65.0,65.0,65.0,,5%,2%,2%,,2%,3%,,3%,15%,,,,,,,,,,,,,,,,,,,
SD 마제스티[단련된],601,65.0,65.0,65.0,65.0,,5%,2%,2%,,2%,3%,20.0,3%,,,,,,,,,,,,,,,,,,,,
SD 옵티머스[단련된],601,65.0,65.0,65.0,65.0,,5%,2%,2%,,2%,3%,20.0,3%,,,,,,,,,,,,,,,,,,,,
SD 이클립스[단련된],601,65.0,65.0,65.0,65.0,,5%,2%,2%,,2%,3%,20.0,3%,,,,,,,,,,,,,,,,,,,,
SD 옵티머스[노련한],731,65.0,65.0,65.0,65.0,,5%,2%,2%,,2%,3%,,3%,18%,,,,,,,,,,,,,,,,,,,
파핑파핑 8비트 남마법사,315,,,,,,,,,,,,,,,,,,,,,,,,,,,,,,,,,
SD 명왕[노련한],731,65.0,65.0,65.0,65.0,,5%,2%,2%,,2%,3%,,3%,18%,,,,,,,,,,,,,,,,,,,
SD 이터널[노련한],731,65.0,65.0,65.0,65.0,,5%,2%,2%,,2%,3%,,3%,18%,,,,,,,,,,,,,,,,,,,
SD 네메시스[단련된],601,65.0,65.0,65.0,65.0,,5%,2%,2%,,2%,3%,20.0,3%,,,,,,,,,,,,,,,,,,,,
SD 검제[단련된],601,65.0,65.0,65.0,65.0,,5%,2%,2%,,2%,3%,20.0,3%,,,,,,,,,,,,,,,,,,,,
달의 수호자 야나[단련된],601,65.0,65.0,65.0,65.0,,5%,2%,2%,,2%,3%,20.0,3%,,,,,,,,,,,,,,,,,,,,
SD 아머시스타스,315,,,,,,,,,,,,,,,,,,,,,,,,,,,,,,,,,
SD 붉은 마녀,491,,,,,,5%,,,,,,,,10%,,,,,,,,,,,,,,,,,,,
SD 악귀나찰[단련된],601,65.0,65.0,65.0,65.0,,5%,2%,2%,,2%,3%,20.0,3%,,,,,,,,,,,,,,,,,,,,
다큰양,315,,,,,,,2%,2%,5%,2%,,,,,,,,,,,2%,,,,,,,,,,,,
쁘띠 바칼,317,10.0,,10.0,,,5%,,,,,,,,,,,,,,,,,,,,,,,,,,,
SD 시라누이[노련한],731,65.0,65.0,65.0,65.0,,5%,2%,2%,,2%,3%,,3%,18%,,,,,,,,,,,,,,,,,,,
SD 용독문주[노련한],731,65.0,65.0,65.0,65.0,,5%,2%,2%,,2%,3%,,3%,18%,,,,,,,,,,,,,,,,,,,
사령술사 레바,315,20.0,,20.0,,,5%,,,,,,,,,,,,,,,,,,,,,,,,,,,
쁘띠 에게느,491,15.0,15.0,15.0,15.0,,,,,,,,,,,,,,,,,,,,,,,,,,,,,
WON'S 다정한 SD 세리아 Ver.2,810,100.0,110.0,100.0,110.0,,5%,2%,2%,,2%,3%,10.0,3%,19%,3%,,,,,,,,,,,,,,,,,,
쁘띠 스켈레톤,315,,,,,,5%,,,,,,,,,,,,,,3%,3%,,,,,,,,,,,,
SD 인페르노[단련된],601,65.0,65.0,65.0,65.0,,5%,2%,2%,,2%,3%,20.0,3%,,,,,,,,,,,,,,,,,,,,
탐험용 비공정 - 하이로더,315,,,,,,,,,,,,,,,,,,,,,,,,,,,,,,,,,
SD 어센션[노련한],731,65.0,65.0,65.0,65.0,,5%,2%,2%,,2%,3%,,3%,18%,,,,,,,,,,,,,,,,,,,
SD 스톰트루퍼[노련한],731,65.0,65.0,65.0,65.0,,5%,2%,2%,,2%,3%,,3%,18%,,,,,,,,,,,,,,,,,,,
전투형 비공정 - 캘러미티,315,,,,,,,,,,,,,,,,,,,,,,,,,,,,,,,,,
SD 오버마인드[단련된],601,65.0,65.0,65.0,65.0,,5%,2%,2%,,2%,3%,20.0,3%,,,,,,,,,,,,,,,,,,,,
캐넌 아스칸,320,15.0,,,,,5%,3%,3%,,3%,,,,,,,,,,,,,,,,,,,,,,,
총명한 해태,397,25.0,25.0,25.0,25.0,,5%,,,,,,,12%,,,,,,,,,,,,,,,,,,,,
SD 알키오네[단련된],601,65.0,65.0,65.0,65.0,,5%,2%,2%,,2%,3%,20.0,3%,,,,,,,,,,,,,,,,,,,,
SD 여법사 크리쳐,491,,,,,,,,,,,,,,,,,,,,,,,,,,,,,,,,,
음유시인 다이애나,397,65.0,65.0,65.0,65.0,,,,,,,5%,,5%,,,50.0,50.0,50.0,,,,,,,,,,,,,,,
SD 명왕[단련된],601,65.0,65.0,65.0,65.0,,5%,2%,2%,,2%,3%,20.0,3%,,,,,,,,,,,,,,,,,,,,
SD 가이아[단련된],601,65.0,65.0,65.0,65.0,,5%,2%,2%,,2%,3%,20.0,3%,,,,,,,,,,,,,,,,,,,,
SD 커맨더[단련된],601,65.0,65.0,65.0,65.0,,5%,2%,2%,,2%,3%,20.0,3%,,,,,,,,,,,,,,,,,,,,
2022 쁘띠 베키,601,65.0,65.0,65.0,65.0,,5%,2%,2%,,2%,3%,,3%,15%,,,,,,,,,,,,,,,,,,,
초월한 얼어붙은 은빛 여우 소녀,731,65.0,65.0,65.0,65.0,,5%,2%,2%,,2%,3%,,3%,18%,,,,,,,,,,,,,,,,,,,
설묘족 루나,397,,,,,,,,,,,7%,10.0,7%,,,20.0,20.0,20.0,,,,,,,,,,,,,,,
코코,315,,,,,,,,,,,,,,,,,,,,,,,,,,,,,,,,,
달의 수호자 야나[신성한],731,100.0,100.0,100.0,100.0,,,,,,,3%,,3%,,,,,100.0,,,,,,,,,,,,,,,
SD 나이트 크리쳐,491,,,,,,,,,,,,,,,,,,,,,,,,,,,,,,,,,
SD 제노사이더[노련한],731,65.0,65.0,65.0,65.0,,5%,2%,2%,,2%,3%,,3%,18%,,,,,,,,,,,,,,,,,,,
SD 인다라천[단련된],601,65.0,65.0,65.0,65.0,,5%,2%,2%,,2%,3%,20.0,3%,,,,,,,,,,,,,,,,,,,,
크루세이더 레바,315,20.0,,20.0,,,5%,,,,,,,,,,,,,,,,,,,,,,,,,,,
SD 베리아스,601,30.0,30.0,30.0,30.0,,,2%,2%,,2%,5%,,5%,15%,,,,,,,,,,,,,,,,,,,
SD 세이비어[단련된],601,65.0,65.0,65.0,65.0,,5%,2%,2%,,2%,3%,20.0,3%,,,,,,,,,,,,,,,,,,,,
SD 이모탈[노련한],731,65.0,65.0,65.0,65.0,,5%,2%,2%,,2%,3%,,3%,18%,,,,,,,,,,,,,,,,,,,
캐넌 레아,320,,,15.0,,,5%,3%,3%,,3%,,,,,,,,,,,,,,,,,,,,,,,
SD 헤카테[노련한],731,65.0,65.0,65.0,65.0,,5%,2%,2%,,2%,3%,,3%,18%,,,,,,,,,,,,,,,,,,,
쥬엘 크리쳐,315,,,,,,5%,,,,,,,5%,,,,50.0,75.0,,,,,,,,,,,,,,,
SD 드레드노트[단련된],601,65.0,65.0,65.0,65.0,,5%,2%,2%,,2%,3%,20.0,3%,,,,,,,,,,,,,,,,,,,,
SD 크리에이터 크리쳐,315,25.0,25.0,25.0,25.0,,,,,,,5%,,5%,,,,,,,,,,,,,,,,,,,,
밤잠 요정,397,25.0,25.0,25.0,25.0,,,,,,,5%,10.0,5%,,,,,,,,,,,,,,,,,,,,
SD 시라누이[단련된],601,65.0,65.0,65.0,65.0,,5%,2%,2%,,2%,3%,20.0,3%,,,,,,,,,,,,,,,,,,,,
SD 그랜드 마스터[노련한],731,65.0,65.0,65.0,65.0,,5%,2%,2%,,2%,3%,,3%,18%,,,,,,,,,,,,,,,,,,,
넨마스터 레바,315,20.0,,20.0,,,5%,,,,,,,,,,,,,,,,,,,,,,,,,,,
SD 천선낭랑[단련된],601,65.0,65.0,65.0,65.0,,5%,2%,2%,,2%,3%,20.0,3%,,,,,,,,,,,,,,,,,,,,
역천의 베히모스,601,55.0,55.0,55.0,55.0,,,,,,,3%,,3%,,,50.0,50.0,80.0,,,,,,,,,,,,,,,
SD 티아매트,601,30.0,30.0,30.0,30.0,,,2%,2%,,2%,5%,,5%,15%,,,,,,,,,,,,,,,,,,,
SD 저스티스[노련한],731,65.0,65.0,65.0,65.0,,5%,2%,2%,,2%,3%,,3%,18%,,,,,,,,,,,,,,,,,,,
황제펭귄,397,35.0,,35.0,,,,,,,,7%,10.0,7%,,,,,,,,,,,,,,,,,,,,
쁘띠 발키리,601,65.0,65.0,65.0,65.0,,5%,2%,2%,,2%,3%,,3%,15%,,,,,,,,,,,,,,,,,,,
SD 디스트로이어[단련된],601,65.0,65.0,65.0,65.0,,5%,2%,2%,,2%,3%,20.0,3%,,,,,,,,,,,,,,,,,,,,
SD 듀란달[노련한],731,65.0,65.0,65.0,65.0,,5%,2%,2%,,2%,3%,,3%,18%,,,,,,,,,,,,,,,,,,,
쁘띠 알렉스,315,,,,,,5%,3%,,,3%,,,,,,,,,,,,,,,,,,,,,,,
SD 마도학자,315,,,,,,,,,,,,,,,,,,,,,,,,,,,,,,,,,
SD 언터처블[노련한],731,65.0,65.0,65.0,65.0,,5%,2%,2%,,2%,3%,,3%,18%,,,,,,,,,,,,,,,,,,,
SD 이시스-프레이,731,65.0,65.0,65.0,65.0,,5%,2%,2%,,2%,3%,,3%,18%,,,,,,,,,,,,,,,,,,,
슈팅 던파 SD 남거너,315,,,,,,,,,10%,,,,,,,,,,,,,,,,,,,,,,,,
뇌룡,397,15.0,15.0,15.0,15.0,,5%,2%,2%,,,,,,,,,,,,,,,12.0,12.0,,,,,,,,,
슈팅 던파 SD 나이트,491,,,,,,,,,,,,,,,,,,,,,,,,,,,,,,,,,
던파 개발자,315,,,,,,5%,,,15%,,,,,,,,,,,,,,,,,,,,,,,,
신관 글로리아,601,65.0,65.0,65.0,65.0,,,,,,,3%,,3%,,,,,75.0,,,,,,,,,,,,,,,
글라시아 라볼라스,315,,,,,,5%,,,,,,,,,,,,,,,2%,,,,,,,,,,,,
SD 갓파더[노련한],731,65.0,65.0,65.0,65.0,,5%,2%,2%,,2%,3%,,3%,18%,,,,,,,,,,,,,,,,,,,
SD 패황[단련된],601,65.0,65.0,65.0,65.0,,5%,2%,2%,,2%,3%,20.0,3%,,,,,,,,,,,,,,,,,,,,
SD 세라핌[평범한],601,65.0,65.0,65.0,65.0,,5%,2%,2%,,2%,3%,,3%,,,80.0,80.0,80.0,,,,,,,,,,,,,,,
태양의 수호자 키르케[단련된],601,65.0,65.0,65.0,65.0,,5%,2%,2%,,2%,3%,20.0,3%,,,,,,,,,,,,,,,,,,,,
SD 오블리비언[노련한],731,65.0,65.0,65.0,65.0,,5%,2%,2%,,2%,3%,,3%,18%,,,,,,,,,,,,,,,,,,,
SD 워로드[노련한],731,65.0,65.0,65.0,65.0,,5%,2%,2%,,2%,3%,,3%,18%,,,,,,,,,,,,,,,,,,,
낮잠 요정,397,25.0,25.0,25.0,25.0,,,,,,,5%,10.0,5%,,,,,,,,,,,,,,,,,,,,
비트 앤 전설 남성 모험가,315,,,,,,,,,,,,,,,,,,,,,,,,,,,,,,,,,
쁘띠 바비,601,65.0,65.0,65.0,65.0,,,,,,,3%,,3%,10%,,,,,,,,,,,,,,,,,,,
라브 크리쳐,315,,,,,,5%,,,,,5%,,,,,50.0,,75.0,,,,,,,,,,,,,,,
챔피언 서퍼 줄리아,731,100.0,100.0,100.0,100.0,,,,,,,3%,,3%,,,,,100.0,,,,,,,,,,,,,,,
쁘띠 카투스,315,,,,,,,,,,,,,,,,,,,,,,,,,,,,,,,,,
마르바스,601,,,,,,5%,,,,,2%,,2%,,,,,,,,,,,,,,,,,,,,
SD 엘프 연금술사,601,65.0,65.0,65.0,65.0,,5%,2%,2%,,2%,3%,,3%,15%,,,,,,,,,,,,,,,,,,,
SD 제노사이더[단련된],601,65.0,65.0,65.0,65.0,,5%,2%,2%,,2%,3%,20.0,3%,,,,,,,,,,,,,,,,,,,,
365mc 지방이,315,6.0,6.0,6.0,6.0,,,3%,3%,5%,3%,,,,,,,,,,,,,,,,,,,,,,,
SD 그림리퍼[단련된],601,65.0,65.0,65.0,65.0,,5%,2%,2%,,2%,3%,20.0,3%,,,,,,,,,,,,,,,,,,,,
SD 열정의 축가 세리아,491,,,,,,,,,,,,,,,,,,,,,,,,,,,,,,,,,
SD 신부 세리아,889,100.0,110.0,100.0,110.0,,5%,2%,2%,,2%,3%,25.0,3%,20%,5%,,,,,,,,,,,,,,,,,,
운반용 비공정 - 아누아이,315,,,,,,,,,,,,,,,,,,,,,,,,,,,,,,,,,
염룡,397,15.0,15.0,15.0,15.0,,5%,2%,2%,,,,,,,,,,,,,,,,,12.0,12.0,,,,,,,
SD 사랑의 축가 세리아,491,,,,,,,,,,,,,,,,,,,,,,,,,,,,,,,,,
웅녀 크리쳐(물리),315,40.0,40.0,,,,,,,10%,,,,,,,,,,,,,,,,,,,,,,,,
태양의 수호자 키르케[신성한],731,100.0,100.0,100.0,100.0,,,,,,,3%,,3%,,,,,100.0,,,,,,,,,,,,,,,
SD 프레이-이시스,731,65.0,65.0,65.0,65.0,,5%,2%,2%,,2%,3%,,3%,18%,,,,,,,,,,,,,,,,,,,
SD 오퍼레이터,731,65.0,65.0,65.0,65.0,,5%,2%,2%,,2%,3%,,3%,18%,,,,,,,,,,,,,,,,,,,
SD 워로드[단련된],601,65.0,65.0,65.0,65.0,,5%,2%,2%,,2%,3%,20.0,3%,,,,,,,,,,,,,,,,,,,,
SD 아이올로스[노련한],731,65.0,65.0,65.0,65.0,,5%,2%,2%,,2%,3%,,3%,18%,,,,,,,,,,,,,,,,,,,
혈옥의 베히모스,601,65.0,65.0,65.0,65.0,,,,,,,3%,,3%,,,,,75.0,,,,,,,,,,,,,,,
오! SD 여마법사,491,,,,,,,,,5%,,,,,,,,,,,,,,,,,,,,,,,,
SD 어센션[단련된],601,65.0,65.0,65.0,65.0,,5%,2%,2%,,2%,3%,20.0,3%,,,,,,,,,,,,,,,,,,,,
SD 다크템플러 크리쳐,491,,,,,,,,,,,,,,10%,,,,,,,,,,,,,,,,,,,
SD 듀란달[단련된],601,65.0,65.0,65.0,65.0,,5%,2%,2%,,2%,3%,20.0,3%,,,,,,,,,,,,,,,,,,,,
쁘띠 폭룡왕 바칼,889,100.0,110.0,100.0,110.0,,5%,2%,2%,,2%,3%,25.0,3%,20%,5%,,,,,,,,,,,,,,,,,,
SD 엘프 저격수,601,65.0,65.0,65.0,65.0,,5%,2%,2%,,2%,3%,,3%,15%,,,,,,,,,,,,,,,,,,,
용맹한 해태,397,25.0,25.0,25.0,25.0,,5%,,,,,12%,,,,,,,,,,,,,,,,,,,,,,
천상의 수호자 야나[노련한],731,65.0,65.0,65.0,65.0,,5%,2%,2%,,2%,3%,,3%,18%,,,,,,,,,,,,,,,,,,,
SD 미쿠,315,39.0,39.0,39.0,39.0,,,,,,,3.9%,,3.9%,,,,,,,,,,,,,,,,,,,,
SD 이터널[단련된],601,65.0,65.0,65.0,65.0,,5%,2%,2%,,2%,3%,20.0,3%,,,,,,,,,,,,,,,,,,,,
SD 그랜드 마스터[단련된],601,65.0,65.0,65.0,65.0,,5%,2%,2%,,2%,3%,20.0,3%,,,,,,,,,,,,,,,,,,,,
벨제뷔트,315,,,,,,5%,,5%,,,,,,,,,,,,,,,,,,,,,,,,,
SD 프레이야[단련된],601,65.0,65.0,65.0,65.0,,5%,2%,2%,,2%,3%,20.0,3%,,,,,,,,,,,,,,,,,,,,
왕립 아라드 고교 SD 여귀검사[20~25Lv],601,65.0,65.0,65.0,65.0,,,,,,,3%,,3%,,,75.0,75.0,75.0,,,,,,,,,,,,,,,
SD 스톰트루퍼[단련된],601,65.0,65.0,65.0,65.0,,5%,2%,2%,,2%,3%,20.0,3%,,,,,,,,,,,,,,,,,,,,
새 친구 SD 나이트 크리쳐,315,,,,,,,,,10%,,,,,,,,,,,,,,,,,,,,,,,,
대지의 고블린,315,23.0,,,,,5%,,,,,,,,,,,,,,,,,,,,,36.0,,,,,,
쾌활한 명사수 클리오,601,65.0,65.0,65.0,65.0,,5%,2%,2%,,2%,3%,,3%,,,80.0,80.0,80.0,,,,,,,,,,,,,,,
왕립 아라드 고교 SD 나이트[25~30Lv],601,65.0,65.0,65.0,65.0,,,,,,,3%,,3%,,,75.0,75.0,75.0,,,,,,,,,,,,,,,
슈팅 던파 SD 여거너,315,,,,,,,,,10%,,,,,,,,,,,,,,,,,,,,,,,,
[NEW]핫섬머 SD마창사 크리쳐,601,15.0,15.0,15.0,15.0,,,1.5%,1.5%,,1.5%,15%,,15%,15%,,,,,,,,,,,,,,,,,,,
슈팅 던파 SD 여법사,315,,,,,,,,,10%,,,,,,,,,,,,,,,,,,,,,,,,
꼽등이,315,10.0,,10.0,,,5%,,,10%,,,,,,,,,,,,,,,,,,,20.0,,,,,
스구하,323,35.0,35.0,35.0,35.0,,,2%,2%,,2%,,,,,,,,,,,,,,,,,,,,,,,
길 잃은 전사,315,,,,,6.0,28,,,,,,,,,,,,,,,,,,,,,,,,,,,
새 친구 SD 여거너 크리쳐,315,,,,,,,,,10%,,,,,,,,,,,,,,,,,,,,,,,,
웅녀 크리쳐(마법),315,,,40.0,40.0,,,,,10%,,,,,,,,,,,,,,,,,,,,,,,,
SD 갓파더[단련된],601,65.0,65.0,65.0,65.0,,5%,2%,2%,,2%,3%,20.0,3%,,,,,,,,,,,,,,,,,,,,
SD 이론제,601,65.0,65.0,65.0,65.0,,5%,2%,2%,,2%,3%,,3%,15%,,,,,,,,,,,,,,,,,,,
SD 언터처블[단련된],601,65.0,65.0,65.0,65.0,,5%,2%,2%,,2%,3%,20.0,3%,,,,,,,,,,,,,,,,,,,,
SD 마창사 크리쳐,315,25.0,25.0,25.0,25.0,,,,,,,5%,,5%,,,,,,,,,,,,,,,,,,,,
보보,315,,,,,,5%,,,,,,,,,,,,,,,,,,,,,,,,,,,
SD 엑스마키나[단련된],601,65.0,65.0,65.0,65.0,,5%,2%,2%,,2%,3%,20.0,3%,,,,,,,,,,,,,,,,,,,,
SD 세인트[단련된],601,65.0,65.0,65.0,65.0,,5%,2%,2%,,2%,3%,20.0,3%,,,,,,,,,,,,,,,,,,,,
SD 예언가,315,,,,,,,,,,,,,,,,,,,,,,,,,,,,,,,,,
발레포르,315,,,,,,5%,,,,,,,,,,,,,,,,10%,,,,,,,,,,,
순수한 인디언 소녀[노련한],731,65.0,65.0,65.0,65.0,,5%,2%,2%,,2%,3%,,3%,18%,,,,,,,,,,,,,,,,,,,
늑 대리,315,,,,,,5%,,,,,2%,,2%,,,20.0,20.0,40.0,,,,,,,,,,,,,,,
다정한 SD 세리아 Ver.2,810,100.0,110.0,100.0,110.0,,5%,2%,2%,,2%,3%,10.0,3%,19%,3%,,,,,,,,,,,,,,,,,,
차가운 푸른 용,315,8.0,8.0,8.0,8.0,,,,,,,,1.0,,,,,,,,,,,,,,,,,,,,,
SD 세인트[노련한],731,65.0,65.0,65.0,65.0,,5%,2%,2%,,2%,3%,,3%,18%,,,,,,,,,,,,,,,,,,,
SD 저스티스[단련된],601,65.0,65.0,65.0,65.0,,5%,2%,2%,,2%,3%,20.0,3%,,,,,,,,,,,,,,,,,,,,
SD 이모탈[단련된],601,65.0,65.0,65.0,65.0,,5%,2%,2%,,2%,3%,20.0,3%,,,,,,,,,,,,,,,,,,,,
SD 아이올로스[단련된],601,65.0,65.0,65.0,65.0,,5%,2%,2%,,2%,3%,20.0,3%,,,,,,,,,,,,,,,,,,,,
SD 베가본드 크리쳐,491,,,,,,,,,,,,,,10%,,,,,,,,,,,,,,,,,,,
SD 헤카테[평범한],601,65.0,65.0,65.0,65.0,,5%,2%,2%,,2%,3%,,3%,,,80.0,80.0,80.0,,,,,,,,,,,,,,,
SD 남격투가 크리쳐,491,,,,,,,,,,,,,,10%,,,,,,,,,,,,,,,,,,,
명랑발랄 몽실이,315,,,23.0,,,5%,,,,,,,,,,,,,,,,,,,,,24.0,,,,,,
SD 용사,315,,,,,,,,,,,,,,,,,,,,,,,,,,,,,,,,,
왕립 아라드 고교 SD 여귀검사[15~20Lv],601,65.0,65.0,65.0,65.0,,,,,,,3%,,3%,,,75.0,75.0,75.0,,,,,,,,,,,,,,,
튼튼한 호돌이,315,20.0,20.0,20.0,20.0,,5%,,,,,,,,,,,,,,,,,,,,,,,,,,,
[EVENT]다정한 SD 세리아 Ver.2,810,100.0,110.0,100.0,110.0,,5%,2%,2%,,2%,3%,10.0,3%,19%,3%,,,,,,,,,,,,,,,,,,
불타는 붉은 용,315,8.0,8.0,8.0,8.0,,,,,,,,1.0,,,,,,,,,,,,,,,,,,,,,
SD 도적 크리쳐,315,25.0,25.0,25.0,25.0,,,,,,,5%,,5%,,,,,,,,,,,,,,,,,,,,
SD 태을선인[노련한],731,65.0,65.0,65.0,65.0,,5%,2%,2%,,2%,3%,,3%,18%,,,,,,,,,,,,,,,,,,,
천상의 수호자 키르케[노련한],731,65.0,65.0,65.0,65.0,,5%,2%,2%,,2%,3%,,3%,18%,,,,,,,,,,,,,,,,,,,
디자이너 엘레나[신성한],731,100.0,100.0,100.0,100.0,,,,,,,3%,,3%,,,,,100.0,,,,,,,,,,,,,,,
시니컬 토끼,491,,,,,,5%,,5%,,,,,,,,,,,,,,,,,,,,,,,,,
기사 리처드,397,65.0,65.0,65.0,65.0,,,,,,,5%,,5%,,,50.0,50.0,50.0,,,,,,,,,,,,,,,
헬로우 브라운,491,,,,,,5%,,5%,,,,,,,,,,,,,,,,,,,,,,,,,
쁘띠 바스테트,601,20.0,20.0,,,,5%,2%,2%,,2%,,,,,,,,,,,,,,,,,,,,,,,
울먹법,315,,,,,,,,,,,,,,,,,,,,,,,,,,,,,,,,,
든든한 조력자 오르페오,601,65.0,65.0,65.0,65.0,,5%,2%,2%,,2%,3%,,3%,,,80.0,80.0,80.0,,,,,,,,,,,,,,,
푸른 빛의 유니콘,315,10.0,,10.0,,,5%,,,10%,,,,,,,,,,,,,,,,,,,,,,,,
엘자,322,,,,,,5%,2%,2%,,2%,2%,,2%,,,,,,,,,,,,,,,,,,,,
새 친구 SD 다크나이트 크리쳐,315,,,,,,,,,10%,,,,,,,,,,,,,,,,,,,,,,,,
SD 남법사 크리쳐,491,,,,,,,,,,,,,,,,,,,,,,,,,,,,,,,,,
수박 빙수 알바생,315,,,,,,,,,,,3%,,3%,,,55.0,55.0,75.0,,,,,,,,,,,,,,,
SD 태을선인[단련된],601,65.0,65.0,65.0,65.0,,5%,2%,2%,,2%,3%,20.0,3%,,,,,,,,,,,,,,,,,,,,
프로 서퍼 대니,491,,,,,,5%,2%,2%,,2%,3%,,3%,,,,,,,,,,,,,,,,,,,,
SD 남귀검사 크리쳐,491,,,,,,,,,,,,,,,,,,,,,,,,,,,,,,,,,
쁘띠 어설터,315,27.0,18.0,,,,5%,,,,,,,,,,,,,,,,,,,,,,,,,,,
SD 패스파인더[단련된],601,65.0,65.0,65.0,65.0,,5%,2%,2%,,2%,3%,20.0,3%,,,,,,,,,,,,,,,,,,,,
쁘띠 바리엘,397,35.0,,,,,,,,,,7%,10.0,7%,,,,,,,,,,,,,,,,,,,,
새 친구 SD 여프리스트 크리쳐,315,,,,,,,,,10%,,,,,,,,,,,,,,,,,,,,,,,,
왕립 아라드 고교 SD 나이트[15~20Lv],601,65.0,65.0,65.0,65.0,,,,,,,3%,,3%,,,75.0,75.0,75.0,,,,,,,,,,,,,,,
빙설의 마법사 루나,601,20.0,20.0,20.0,20.0,,5%,2%,2%,,2%,,,,,,,,,,,,,,,,,,,,,,,
SD 몰레크[강인한],601,65.0,65.0,65.0,65.0,,5%,2%,2%,,2%,3%,,3%,15%,,,,,,,,,,,,,,,,,,,
천방지축 방실이,315,23.0,,,,,5%,,,,,,,,,,,,,,,,,,,,,,,22.8,,,,
SD 아그나트-C,315,,,,,,,,,,,,,,,,,,,,,,,,,,,,,,,,,
호피녀 크리쳐(물리),315,40.0,40.0,,,,,,,10%,,,,,,,,,,,,,,,,,,,,,,,,
헬하운드,315,8.0,8.0,8.0,8.0,,5%,,,,,,,,,,,,,,,,,,,,,,,,,,,
SD 약초꾼,315,,,,,,,,,,,,,,,,,,,,,,,,,,,,,,,,,
물,315,10.0,10.0,10.0,10.0,,,,,10%,,,,,,,10.0,10.0,10.0,,,,,,,,,,,,,,,
쁘띠 걸스데이,315,10.0,,10.0,,,5%,1%,1%,,2%,,,,,,,,,,,,,,,,,,,,,,,
부끄러법,315,,,,,,,,,,,,,,,,,,,,,,,,,,,,,,,,,
왕립 아라드 고교 SD 여마법사[15~20Lv],601,65.0,65.0,65.0,65.0,,,,,,,3%,,3%,,,75.0,75.0,75.0,,,,,,,,,,,,,,,
SD 남거너 크리쳐,491,,,,,,,,,,,,,,,,,,,,,,,,,,,,,,,,,
해,315,10.0,10.0,10.0,10.0,,,,,10%,,,,,,,10.0,10.0,10.0,,,,,,,,,,,,,,,
SD 패스파인더[노련한],731,65.0,65.0,65.0,65.0,,5%,2%,2%,,2%,3%,,3%,18%,,,,,,,,,,,,,,,,,,,
SD 오블리비언[단련된],601,65.0,65.0,65.0,65.0,,5%,2%,2%,,2%,3%,20.0,3%,,,,,,,,,,,,,,,,,,,,
SD 식물학자,315,,,,,,,,,,,,,,,,,,,,,,,,,,,,,,,,,
초월한 정령 엘드,731,65.0,65.0,65.0,65.0,,5%,2%,2%,,2%,3%,,3%,18%,,,,,,,,,,,,,,,,,,,
SD 은광의 타고르[고결한],601,65.0,65.0,65.0,65.0,,,,,,,3%,,3%,,,,,75.0,,,,,,,,,,,,,,,
핑크 보보,315,20.0,20.0,20.0,20.0,,5%,,,10%,,,,,,,,,,,,,,,,,,,,,,,,
슈팅 던파 SD 남격투가,315,,,,,,,,,10%,,,,,,,,,,,,,,,,,,,,,,,,
왕립 아라드 고교 SD 나이트[30~35Lv],601,65.0,65.0,65.0,65.0,,,,,,,3%,,3%,,,75.0,75.0,75.0,,,,,,,,,,,,,,,
SD 그라골,491,,,,,,5%,,,,,,,,10%,,,,,,,,,,,,,,,,,,,
서번트 : 버서커 크리쳐,323,35.0,35.0,35.0,35.0,,,2%,2%,,2%,,,,,,,,,,,,,,,,,,,,,,,
쁘띠 튜리엘,397,,,35.0,,,,,,,,7%,10.0,7%,,,,,,,,,,,,,,,,,,,,
SD 남프리스트 크리쳐,491,,,,,,,,,,,,,,,,,,,,,,,,,,,,,,,,,
금돼지,315,,,,,,5%,,,,,,,,,,,,,10kg,,,,,,,,,,,,,,
봉선이,315,,,,,,,,,10%,,2%,,2%,,,,,,,,,,,,,,,,,,,,
SD 여격투가 크리쳐,491,,,,,,,,,,,,,,,,,,,,,,,,,,,,,,,,,
쁘띠 타이거,315,,,,,,5%,,,,,4%,,4%,,,,,,,,,,,,,,,,,,,,
새 친구 SD 여법사 크리쳐,315,,,,,,,,,10%,,,,,,,,,,,,,,,,,,,,,,,,
모범법,315,,,,,,,,,,,,,,,,,,,,,,,,,,,,,,,,,
SD 영혼 사육자 몬데그린[강인한],601,65.0,65.0,65.0,65.0,,5%,2%,2%,,2%,3%,,3%,15%,,,,,,,,,,,,,,,,,,,
쁘띠 마르피사,315,,,27.0,,,5%,,3%,,,,,,,,,,,,,,,,,,,,,,,,,
왕립 아라드 고교 SD 여프리스트[15~20Lv],601,65.0,65.0,65.0,65.0,,,,,,,3%,,3%,,,75.0,75.0,75.0,,,,,,,,,,,,,,,
일본 여행의 루나,397,25.0,25.0,25.0,25.0,,5%,,,,,5%,10.0,5%,,,,,,,,,,,,,,,,,,,,
천상의 수호자 야나[신성한],731,100.0,100.0,100.0,100.0,,,,,,,3%,,3%,,,,,100.0,,,,,,,,,,,,,,,
나자르,601,,,,,,5%,,,,,,,,,,,,,,,,7%,,,,,,,,,,,
초월한 정령 에피,731,65.0,65.0,65.0,65.0,,5%,2%,2%,,2%,3%,,3%,18%,,,,,,,,,,,,,,,,,,,
눈이번쩍법,315,,,,,,,,,,,,,,,,,,,,,,,,,,,,,,,,,
쁘띠 로터스[갈퀴],315,30.0,,,,,5%,2%,,,,,,,,,,,,,,,,,,,,,,31.2,,,,
정령의 고블린,315,,,23.0,,,5%,,,,,,,,,,,,,,,,,,,,,36.0,,,,,,
쁘띠 바이킹,601,65.0,65.0,65.0,65.0,,5%,2%,2%,,2%,3%,,3%,15%,,,,,,,,,,,,,,,,,,,
초월한 타오르는 붉은 늑대 소년,731,65.0,65.0,65.0,65.0,,5%,2%,2%,,2%,3%,,3%,18%,,,,,,,,,,,,,,,,,,,
왕립 아라드 고교 SD 여귀검사[30~35Lv],601,65.0,65.0,65.0,65.0,,,,,,,3%,,3%,,,75.0,75.0,75.0,,,,,,,,,,,,,,,
SD 프리스트 크리쳐,315,25.0,25.0,25.0,25.0,,,,,,,5%,,5%,,,,,,,,,,,,,,,,,,,,
SD 루이스,315,,,,,,,,,,,,,,,,,,,,,,,,,,,,,,,,,
왕립 아라드 고교 SD 여프리스트[25~30Lv],601,65.0,65.0,65.0,65.0,,,,,,,3%,,3%,,,75.0,75.0,75.0,,,,,,,,,,,,,,,
왕립 아라드 고교 SD 여귀검사[25~30Lv],601,65.0,65.0,65.0,65.0,,,,,,,3%,,3%,,,75.0,75.0,75.0,,,,,,,,,,,,,,,
새 친구 SD 남귀검사 크리쳐,315,,,,,,,,,10%,,,,,,,,,,,,,,,,,,,,,,,,
다정한 SD 세리아,491,,,,,,5%,,,,,,,,10%,,,,,,,,,,,,,,,,,,,
핫섬머 SD여거너 크리쳐,397,15.0,15.0,15.0,15.0,,5%,,,,,,,,7%,,,,,,,,,,,,,,,,,,,
새 친구 SD 크리에이터 크리쳐,315,,,,,,,,,10%,,,,,,,,,,,,,,,,,,,,,,,,
새 친구 SD 여귀검사 크리쳐,315,,,,,,,,,10%,,,,,,,,,,,,,,,,,,,,,,,,
쁘띠 네이저,397,10.0,,10.0,,,5%,2%,2%,,1%,,,,,,,,,,,,,,,,5.0,,,,,,,
SD 엘프 검사,601,65.0,65.0,65.0,65.0,,5%,2%,2%,,2%,3%,,3%,15%,,,,,,,,,,,,,,,,,,,
쁘띠 원둥이,315,,,,,,,,,,,,,,,,,,,,,,,,,,,,,,,,,
슈팅 던파 SD 여프리스트,491,,,,,,,,,,,,,,,,,,,,,,,,,,,,,,,,,
SD 엘프 석궁병,601,65.0,65.0,65.0,65.0,,5%,2%,2%,,2%,3%,,3%,15%,,,,,,,,,,,,,,,,,,,
RB,315,55.0,55.0,55.0,55.0,,,,,,,3%,,3%,,,,,,,,,,,,,,,,,,,,
챔피언 서퍼 대니,731,65.0,65.0,65.0,65.0,,5%,2%,2%,,2%,3%,,3%,18%,,,,,,,,,,,,,,,,,,,
쁘띠 샴,601,,,20.0,20.0,,5%,2%,2%,,2%,,,,,,,,,,,,,,,,,,,,,,,
왕립 아라드 고교 SD 여프리스트[20~25Lv],601,65.0,65.0,65.0,65.0,,,,,,,3%,,3%,,,75.0,75.0,75.0,,,,,,,,,,,,,,,
펜타바스,315,,,,,,5%,,,,,,,,,,,,,,,,7%,,,,,,,,,,,
새 친구 SD 남프리스트 크리쳐,315,,,,,,,,,10%,,,,,,,,,,,,,,,,,,,,,,,,
4대룡 쁘띠 느마우그,601,65.0,65.0,65.0,65.0,,5%,2%,2%,,2%,3%,,3%,15%,,,,,,,,,,,,,,,,,,,
SD 수파르나,491,,,,,,5%,,,,,,,,10%,,,,,,,,,,,,,,,,,,,
아미,315,,,,,,5%,,,,,,,,,,,,,10kg,,,,,,,,,,,,,,
SD 린&렌,315,39.0,39.0,39.0,39.0,,,,,,,3.9%,,3.9%,,,,,,,,,,,,,,,,,,,,
어지러법,315,,,,,,,,,,,,,,,,,,,,,,,,,,,,,,,,,
호피녀 크리쳐(마법),315,,,40.0,40.0,,,,,10%,,,,,,,,,,,,,,,,,,,,,,,,
SD 아론제,601,65.0,65.0,65.0,65.0,,5%,2%,2%,,2%,3%,,3%,15%,,,,,,,,,,,,,,,,,,,
축제의 여왕 페리아,889,100.0,110.0,100.0,110.0,,5%,2%,2%,,2%,3%,25.0,3%,20%,5%,,,,,,,,,,,,,,,,,,
새 친구 SD 여격투가 크리쳐,315,,,,,,,,,10%,,,,,,,,,,,,,,,,,,,,,,,,
슈팅 던파 SD 총검사,315,,,,,,,,,10%,,,,,,,,,,,,,,,,,,,,,,,,
서번트 : 라이더 크리쳐,323,35.0,35.0,35.0,35.0,,,2%,2%,,2%,,,,,,,,,,,,,,,,,,,,,,,
초열의 주술사 미호,601,20.0,20.0,20.0,20.0,,5%,2%,2%,,2%,,,,,,,,,,,,,,,,,,,,,,,
벨즈,315,,,,,,5%,,3%,,,,,,,,,,,,,,,,,,,,,,,,,
왕립 아라드 고교 SD 여거너[25~30Lv],601,65.0,65.0,65.0,65.0,,,,,,,3%,,3%,,,75.0,75.0,75.0,,,,,,,,,,,,,,,
새 친구 SD 마창사 크리쳐,315,,,,,,,,,10%,,,,,,,,,,,,,,,,,,,,,,,,
[NEW]핫섬머 SD총검사 크리쳐,601,15.0,15.0,15.0,15.0,,,1.5%,1.5%,,1.5%,15%,,15%,15%,,,,,,,,,,,,,,,,,,,
4대룡 쁘띠 네이저,601,65.0,65.0,65.0,65.0,,5%,2%,2%,,2%,3%,,3%,15%,,,,,,,,,,,,,,,,,,,
윈디,315,,,8.0,,,5%,,,,,,,,,,,,,,,,,,,,,,,,,,,
곰 크리쳐,315,15.0,15.0,15.0,15.0,,,,,10%,,,,,,,,,,,,,,,,,,,,,,,,
학,315,10.0,10.0,10.0,10.0,,,,,10%,,,,,,,10.0,10.0,10.0,,,,,,,,,,,,,,,
4대룡 쁘띠 이트레녹,601,65.0,65.0,65.0,65.0,,5%,2%,2%,,2%,3%,,3%,15%,,,,,,,,,,,,,,,,,,,
바니 버니,315,,,,,,5%,2%,2%,,3%,,,,,,,,,,,,,,,,,,,,,,,
왕립 아라드 고교 SD 여거너[15~20Lv],601,65.0,65.0,65.0,65.0,,,,,,,3%,,3%,,,75.0,75.0,75.0,,,,,,,,,,,,,,,
SD 계곡의 파수꾼 루갈루,810,100.0,110.0,100.0,110.0,,5%,2%,2%,,2%,3%,10.0,3%,19%,3%,,,,,,,,,,,,,,,,,,
왕립 아라드 고교 SD 여마법사[25~30Lv],601,65.0,65.0,65.0,65.0,,,,,,,3%,,3%,,,75.0,75.0,75.0,,,,,,,,,,,,,,,
새 친구 SD 남격투가 크리쳐,315,,,,,,,,,10%,,,,,,,,,,,,,,,,,,,,,,,,
핫섬머 SD여귀검사 크리쳐,397,15.0,15.0,15.0,15.0,,5%,,,,,,,,7%,,,,,,,,,,,,,,,,,,,
순수한 인디언 소년[노련한],731,65.0,65.0,65.0,65.0,,5%,2%,2%,,2%,3%,,3%,18%,,,,,,,,,,,,,,,,,,,
SD 엘프 창병,601,65.0,65.0,65.0,65.0,,5%,2%,2%,,2%,3%,,3%,15%,,,,,,,,,,,,,,,,,,,
작은 바이킹 점원(남),315,,,,,,,,,,,,,,,,,,,,,,,,,,,,,,,,,
싼타 싸이,315,14.0,14.0,14.0,14.0,,5%,,,,,,,,,,,,,,,,,,,,,,,,,,,
은돼지,315,,,,,,5%,,,,,,,,,,,,,10kg,,,,,,,,,,,,,,
슈팅 던파 SD 여귀검사,491,,,,,,,,,,,,,,,,,,,,,,,,,,,,,,,,,
말썽쟁이 메이드 제리[고결한],601,65.0,65.0,65.0,65.0,,,,,,,3%,,3%,,,,,75.0,,,,,,,,,,,,,,,
슈팅 던파 SD 도적,491,,,,,,,,,,,,,,,,,,,,,,,,,,,,,,,,,
사슴,315,10.0,10.0,10.0,10.0,,,,,10%,,,,,,,10.0,10.0,10.0,,,,,,,,,,,,,,,
2022 쁘띠 게느,601,65.0,65.0,65.0,65.0,,5%,2%,2%,,2%,3%,,3%,15%,,,,,,,,,,,,,,,,,,,
새 친구 SD 도적 크리쳐,315,,,,,,,,,10%,,,,,,,,,,,,,,,,,,,,,,,,
쁘띠 골드크라운,491,,,,,,5%,,,,,,,,10%,,,,,,,,,,,,,,,,,,,
SD 다크나이트,601,65.0,65.0,65.0,65.0,,,2%,2%,,2%,3%,,3%,,,80.0,80.0,80.0,,,,,,,,,,,,,,,
태양의 수호자 키르케[고결한],601,65.0,65.0,65.0,65.0,,,,,,,3%,,3%,,,,,75.0,,,,,,,,,,,,,,,
쁘띠 느마우그,397,10.0,,10.0,,,5%,2%,2%,,,,,,,,,,,,,,,,5.0,,,,,,,,,
열정적인 앵거스,315,23.0,,,,,5%,,,,,,,,,,,,,,,,,,,,,,,18.0,,,,
케로,315,,,,,,,,,,,,,,,,,,,,,,,,,,,,,,,,,
붉은털 원숭이 - 知,397,,,25.0,25.0,,5%,,,,,,10.0,5%,,,,,,,,,,,,,,,,,,,,
잠와법,315,,,,,,,,,,,,,,,,,,,,,,,,,,,,,,,,,
브라우니,315,,,,,,5%,,,,,,,,,,23.0,23.0,36.0,,,,,,,,,,,,,,,
붉은털 원숭이 - 力,397,25.0,25.0,,,,5%,,,,,5%,10.0,,,,,,,,,,,,,,,,,,,,,
수호의 정령 에피,601,65.0,65.0,65.0,65.0,,5%,2%,2%,,2%,3%,,3%,15%,,,,,,,,,,,,,,,,,,,
벨제브,315,,,,,,5%,,4%,,,,,,,,,,,,,,,,,,,,,,,,,
망고 빙수 알바생,315,65.0,65.0,65.0,65.0,,,,,,,3%,,3%,,,,,75.0,,,,,,,,,,,,,,,
왕립 아라드 고교 SD 여격투가[15~20Lv],601,65.0,65.0,65.0,65.0,,,,,,,3%,,3%,,,75.0,75.0,75.0,,,,,,,,,,,,,,,
상냥한 SD 세리아,601,65.0,65.0,65.0,65.0,,,,,,,3%,,3%,,,,,75.0,,,,,,,,,,,,,,,
멋들어진 지미,315,,,23.0,,,5%,,,,,,,,,,,,,,,,,,,,,18.0,,,,,,
말썽쟁이 메이드 제리[신성한],731,100.0,100.0,100.0,100.0,,,,,,,3%,,3%,,,,,100.0,,,,,,,,,,,,,,,
SD 땅지기 슈므,991,100.0,110.0,100.0,110.0,,5%,2%,2%,,2%,3%,30.0,3%,25%,7%,,,,,,,,,,,,,,,,,,
달의 수호자 야나[고결한],601,65.0,65.0,65.0,65.0,,,,,,,3%,,3%,,,,,75.0,,,,,,,,,,,,,,,
4대룡 쁘띠 애쉬코어,601,65.0,65.0,65.0,65.0,,5%,2%,2%,,2%,3%,,3%,15%,,,,,,,,,,,,,,,,,,,
나츠,397,10.0,,10.0,,,5%,,,,,,,,,,,,,,,,,,,15.0,,,,,,,,
태초의 목소리 다이애나,601,65.0,65.0,65.0,65.0,,,,,,,3%,,3%,,,,,75.0,,,,,,,,,,,,,,,
루시,397,35.0,35.0,35.0,35.0,,5%,,,,,,,,,,,,,,,,,,,,,,,,,,,
고대의 용사 리처드,601,20.0,20.0,20.0,20.0,,5%,2%,2%,,2%,,,,,,,,,,,,,,,,,,,,,,,
SD 도서관지기,315,,,,,,,,,,,,,,,,,,,,,,,,,,,,,,,,,
아글라오페[25~30Lv],601,65.0,65.0,65.0,65.0,,,,,,,3%,,3%,,,,,75.0,,,,,,,,,,,,,,,
SD 여행가,315,,,,,,,,,,,,,,,,,,,,,,,,,,,,,,,,,
SD 대장,315,,,,,,,,,,,,,,,,,,,,,,,,,,,,,,,,,
슈팅 던파 SD 마창사,491,,,,,,,,,,,,,,,,,,,,,,,,,,,,,,,,,
SD 히카르도[고결한],601,65.0,65.0,65.0,65.0,,,,,,,3%,,3%,,,,,75.0,,,,,,,,,,,,,,,
SD 어센션[평범한],601,65.0,65.0,65.0,65.0,,5%,2%,2%,,2%,3%,,3%,,,80.0,80.0,80.0,,,,,,,,,,,,,,,
신비한 해태,397,25.0,25.0,25.0,25.0,,5%,,,,,12%,,12%,,,,,,,,,,,,,,,,,,,,
몽골 여행의 루나,397,25.0,25.0,25.0,25.0,,5%,,,,,5%,10.0,5%,,,,,,,,,,,,,,,,,,,,
리즈뱃,323,35.0,35.0,35.0,35.0,,,2%,2%,,2%,,,,,,,,,,,,,,,,,,,,,,,
SD 남거너,601,65.0,65.0,65.0,65.0,,,2%,2%,,2%,3%,,3%,,,80.0,80.0,80.0,,,,,,,,,,,,,,,
슈팅 던파 SD 남귀검사,491,,,,,,,,,,,,,,,,,,,,,,,,,,,,,,,,,
수호의 정령 엘드,601,65.0,65.0,65.0,65.0,,5%,2%,2%,,2%,3%,,3%,15%,,,,,,,,,,,,,,,,,,,
달의 수호자 야나[평온한],397,65.0,65.0,65.0,65.0,,5%,2%,2%,,2%,12%,,12%,,,30.0,30.0,30.0,,,,,,,,,,,,,,,
쿨파스,491,15.0,15.0,15.0,15.0,,,,,,,,,,,,,,,,,,,,,,,,,,,,,
SD 드레드노트[평범한],601,65.0,65.0,65.0,65.0,,5%,2%,2%,,2%,3%,,3%,,,80.0,80.0,80.0,,,,,,,,,,,,,,,
쁘띠 와이어트,491,,,,,,5%,,5%,,,,,,,,,,,,,,,,,,,,,,,,,
골드 빛의 유니콘,315,10.0,,10.0,,,5%,,,10%,,,,,,,,,,,,,,,,,,,,,,,,
달,315,10.0,10.0,10.0,10.0,,,,,10%,,,,,,,10.0,10.0,10.0,,,,,,,,,,,,,,,
쁘띠 이트레녹,397,10.0,,10.0,,,5%,2%,2%,,,,,,,,,,,,,,,5.0,,,,,,,,,,
아후말,315,,,,,,5%,3%,3%,,3%,,,,,,,,,,,3%,,,,,,,,,,,,
DJ 강아지,397,25.0,25.0,,,,5%,,,,,5%,10.0,,,,,,,,,,,,,,,,,,,,,
왕립 아라드 고교 SD 나이트[20~25Lv],601,65.0,65.0,65.0,65.0,,,,,,,3%,,3%,,,75.0,75.0,75.0,,,,,,,,,,,,,,,
쁘띠 아르고스,491,,,,,,5%,,,,,,,,10%,,,,,,,,,,,,,,,,,,,
말썽쟁이 메이드 제리[화려한],397,65.0,65.0,65.0,65.0,,,,,,,12%,,12%,,,,,75.0,,,,,,,,,,,,,,,
SD 크리에이터,601,65.0,65.0,65.0,65.0,,,2%,2%,,2%,3%,,3%,,,80.0,80.0,80.0,,,,,,,,,,,,,,,
SD 세인트[평범한],601,65.0,65.0,65.0,65.0,,5%,2%,2%,,2%,3%,,3%,,,80.0,80.0,80.0,,,,,,,,,,,,,,,
덴티,315,8.0,,,,,5%,,,,,,,,,,,,,,,,,,,,,,,,,,,
새 친구 SD 남법사 크리쳐,315,,,,,,,,,10%,,,,,,,,,,,,,,,,,,,,,,,,
연옥의 베히모스,315,,,,,,,,,,,3%,,3%,,,55.0,55.0,75.0,,,,,,,,,,,,,,,
SD 세이비어[평범한],601,65.0,65.0,65.0,65.0,,5%,2%,2%,,2%,3%,,3%,,,80.0,80.0,80.0,,,,,,,,,,,,,,,
슈팅 던파 SD 남법사,491,,,,,,,,,,,,,,,,,,,,,,,,,,,,,,,,,
음식대장,315,35.0,35.0,35.0,35.0,,,3%,3%,10%,3%,,,,,,,,,,,,,,,,,,,,,,,
쁘띠 로터스[채찍],315,,,30.0,,,5%,,2%,,,,,,,,,,,,,,,,,,,30.0,,,,,,
텔크시페이아[25~30Lv],601,55.0,55.0,55.0,55.0,,,,,,,3%,,3%,,,50.0,50.0,80.0,,,,,,,,,,,,,,,
달의 수호자 야나[평범한],601,65.0,65.0,65.0,65.0,,5%,2%,2%,,2%,3%,,3%,,,80.0,80.0,80.0,,,,,,,,,,,,,,,
발람,315,,,,,,5%,3%,,,,,,,,,,,,,,,,,,,,,,,,,,
DJ 고양이,397,,,25.0,25.0,,5%,,,,,,10.0,5%,,,,,,,,,,,,,,,,,,,,
오! SD 남귀검사,491,,,,,,,,,5%,,,,,,,,,,,,,,,,,,,,,,,,
쁘띠 스켈레톤 골드,397,15.0,15.0,15.0,15.0,,,,,,,,,,,,,,,,,,,,,,,,,,,,,
핫섬머 SD여마법사 크리쳐,397,15.0,15.0,15.0,15.0,,5%,,,,,,,,7%,,,,,,,,,,,,,,,,,,,
SD 투자자,315,,,,,,,,,,,,,,,,,,,,,,,,,,,,,,,,,
하겐티,315,,,,,,10%,,,,,,,,,,,,,,,,,,,,,,,,,,,
침묵의 속삭임,397,,,7.0,7.0,,,,,,,,,,,,,,,,,,,,,,7.0,,,,,,,
SD 지니위즈[평범한],601,65.0,65.0,65.0,65.0,,5%,2%,2%,,2%,3%,,3%,,,80.0,80.0,80.0,,,,,,,,,,,,,,,
SD 오버마인드[평범한],601,65.0,65.0,65.0,65.0,,5%,2%,2%,,2%,3%,,3%,,,80.0,80.0,80.0,,,,,,,,,,,,,,,
SD 마법사,315,,,,,,,,,,,,,,,,,,,,,,,,,,,,,,,,,
SD 루카,315,39.0,39.0,39.0,39.0,,,,,,,3.9%,,3.9%,,,,,,,,,,,,,,,,,,,,
태양의 수호자 키르케[평온한],397,65.0,65.0,65.0,65.0,,5%,2%,2%,,2%,12%,,12%,,,30.0,30.0,30.0,,,,,,,,,,,,,,,
새 친구 SD 남거너 크리쳐,315,,,,,,,,,10%,,,,,,,,,,,,,,,,,,,,,,,,
SD 전설의 무사,315,,,,,,,,,,,,,,,,,,,,,,,,,,,,,,,,,
슈팅 던파 SD 남프리스트,491,,,,,,,,,,,,,,,,,,,,,,,,,,,,,,,,,
똘망똘망 명실이,397,20.0,20.0,20.0,20.0,,,,,,,,,,,,20.0,20.0,20.0,,,,,,,,,,,,,,,
쁘띠 애쉬코어,397,10.0,,10.0,,,5%,2%,2%,,,,,,,,,,,,,,,,,5.0,,,,,,,,
천상의 수호자 키르케[신성한],731,100.0,100.0,100.0,100.0,,,,,,,3%,,3%,,,,,100.0,,,,,,,,,,,,,,,
SD 레이븐[노련한],731,65.0,65.0,65.0,65.0,,5%,2%,2%,,2%,3%,,3%,18%,,,,,,,,,,,,,,,,,,,
왕립 아라드 고교 SD 도적[25~30Lv],601,65.0,65.0,65.0,65.0,,,,,,,3%,,3%,,,75.0,75.0,75.0,,,,,,,,,,,,,,,
SD 레이븐[단련된],601,65.0,65.0,65.0,65.0,,5%,2%,2%,,2%,3%,20.0,3%,,,,,,,,,,,,,,,,,,,,
프린세스 쁘띠,315,10.0,,10.0,,,5%,3%,3%,,3%,,,,,,,,,,,,,,,,,,,,,,,
SD 마검사 체르막[강인한],601,65.0,65.0,65.0,65.0,,5%,2%,2%,,2%,3%,,3%,15%,,,,,,,,,,,,,,,,,,,
SD 흰 구름 전령 에를리히,991,100.0,110.0,100.0,110.0,,5%,2%,2%,,2%,3%,30.0,3%,25%,7%,,,,,,,,,,,,,,,,,,
왕립 아라드 고교 SD 도적[15~20Lv],601,65.0,65.0,65.0,65.0,,,,,,,3%,,3%,,,75.0,75.0,75.0,,,,,,,,,,,,,,,
쁘띠 베릭트,491,,,,,,5%,,5%,,,,,,,,,,,,,,,,,,,,,,,,,
왕립 아라드 고교 SD 총검사[25~30Lv],601,65.0,65.0,65.0,65.0,,,,,,,3%,,3%,,,75.0,75.0,75.0,,,,,,,,,,,,,,,
차분한 집사 제이드[노련한],731,65.0,65.0,65.0,65.0,,5%,2%,2%,,2%,3%,,3%,18%,,,,,,,,,,,,,,,,,,,
힘쎈 피노키오,315,25.0,25.0,,,,5%,2%,,,2%,7%,,,,,,,,,,,,,,,,,,,,,,
서번트 : 랜서 크리쳐,323,35.0,35.0,35.0,35.0,,,2%,2%,,2%,,,,,,,,,,,,,,,,,,,,,,,
2022 쁘띠 아르고스,601,65.0,65.0,65.0,65.0,,5%,2%,2%,,2%,3%,,3%,15%,,,,,,,,,,,,,,,,,,,
왕립 아라드 고교 SD 남마법사[25~30Lv],601,65.0,65.0,65.0,65.0,,,,,,,3%,,3%,,,75.0,75.0,75.0,,,,,,,,,,,,,,,
보티스,315,,,,,,5%,,,,4%,,,,,,,,,,,,,,,,,,,,,,,
왕립 아라드 고교 SD 여격투가[25~30Lv],601,65.0,65.0,65.0,65.0,,,,,,,3%,,3%,,,75.0,75.0,75.0,,,,,,,,,,,,,,,
SD 명왕[평범한],601,65.0,65.0,65.0,65.0,,5%,2%,2%,,2%,3%,,3%,,,80.0,80.0,80.0,,,,,,,,,,,,,,,
SD 여마법사,601,65.0,65.0,65.0,65.0,,,2%,2%,,2%,3%,,3%,,,80.0,80.0,80.0,,,,,,,,,,,,,,,
휴먼로이드 B [페이탈:S],491,25.0,25.0,,,,5%,,,,,5%,,,10%,,,,,,,,,,,,,,,,,,,
왕립 아라드 고교 SD 여격투가[20~25Lv],601,65.0,65.0,65.0,65.0,,,,,,,3%,,3%,,,75.0,75.0,75.0,,,,,,,,,,,,,,,
순수한 인디언 소녀[단련된],601,65.0,65.0,65.0,65.0,,,2%,2%,,2%,3%,20.0,3%,,,,,,,,,,,,,,,,,,,,
핫섬머 SD여격투가 크리쳐,397,15.0,15.0,15.0,15.0,,5%,,,,,,,,7%,,,,,,,,,,,,,,,,,,,
왕립 아라드 고교 SD 여격투가[30~35Lv],601,65.0,65.0,65.0,65.0,,,,,,,3%,,3%,,,75.0,75.0,75.0,,,,,,,,,,,,,,,
왕립 아라드 고교 SD 여마법사[20~25Lv],601,65.0,65.0,65.0,65.0,,,,,,,3%,,3%,,,75.0,75.0,75.0,,,,,,,,,,,,,,,
할파스,315,,,,,,5%,,,,,1%,,1%,,,,,,,,,,,,,,,,,,,,
2022 쁘띠 토그,601,65.0,65.0,65.0,65.0,,5%,2%,2%,,2%,3%,,3%,15%,,,,,,,,,,,,,,,,,,,
SD 마법 부여가,315,,,,,,,,,,,,,,,,,,,,,,,,,,,,,,,,,
오!오! 무지개뱀 꼬꼬마 (25~30Lv),601,55.0,55.0,55.0,55.0,,,,,,,5%,,5%,,,55.0,55.0,55.0,,,,,,,,,,,,,,,
ANGRY GON 크리쳐,315,,,,,,5%,3%,3%,,3%,,,,,,,,,,,3%,,,,,,,,,,,,
핫섬머 SD도적 크리쳐,397,15.0,15.0,15.0,15.0,,5%,,,,,,,,7%,,,,,,,,,,,,,,,,,,,
왕립 아라드 고교 SD 여거너[30~35Lv],601,65.0,65.0,65.0,65.0,,,,,,,3%,,3%,,,75.0,75.0,75.0,,,,,,,,,,,,,,,
중국 여행의 루나,397,25.0,25.0,25.0,25.0,,5%,,,,,5%,10.0,5%,,,,,,,,,,,,,,,,,,,,
슈팅 던파 SD 여격투가,315,,,,,,,,,10%,,,,,,,,,,,,,,,,,,,,,,,,
왕립 아라드 고교 SD 여마법사[30~35Lv],601,65.0,65.0,65.0,65.0,,,,,,,3%,,3%,,,75.0,75.0,75.0,,,,,,,,,,,,,,,
자간,315,,,,,,5%,,,,,,,,,,,,,,,1%,,,,,,,,,,,,
SD 거리의 무사,315,,,,,,,,,,,,,,,,,,,,,,,,,,,,,,,,,
왕립 아라드 고교 SD 도적[20~25Lv],601,65.0,65.0,65.0,65.0,,,,,,,3%,,3%,,,75.0,75.0,75.0,,,,,,,,,,,,,,,
휴먼로이드 B [강타:S],491,25.0,25.0,,,,5%,,,,,5%,,,10%,,,,,,,,,,,,,,,,,,,
동돼지,315,,,,,,5%,,,,,,,,,,,,,10kg,,,,,,,,,,,,,,
SD 달빛카페 매니저,315,,,,,,,,,,,,,,,,,,,,,,,,,,,,,,,,,
왕립 아라드 고교 SD 남격투가[20~25Lv],601,65.0,65.0,65.0,65.0,,,,,,,3%,,3%,,,75.0,75.0,75.0,,,,,,,,,,,,,,,
SD 블러드 이블[평범한],601,65.0,65.0,65.0,65.0,,5%,2%,2%,,2%,3%,,3%,,,80.0,80.0,80.0,,,,,,,,,,,,,,,
SD 아슈타르테[평범한],601,65.0,65.0,65.0,65.0,,5%,2%,2%,,2%,3%,,3%,,,80.0,80.0,80.0,,,,,,,,,,,,,,,
SD 악귀나찰[평범한],601,65.0,65.0,65.0,65.0,,5%,2%,2%,,2%,3%,,3%,,,80.0,80.0,80.0,,,,,,,,,,,,,,,
SD 인페르노[평범한],601,65.0,65.0,65.0,65.0,,5%,2%,2%,,2%,3%,,3%,,,80.0,80.0,80.0,,,,,,,,,,,,,,,
SD 흑요정 신부,315,,,,,,,,,,,,,,,,,,,,,,,,,,,,,,,,,
메론 빙수 알바생,315,30.0,30.0,30.0,30.0,,,,,,,3%,,3%,,,25.0,25.0,75.0,,,,,,,,,,,,,,,
휴먼로이드 P [페이탈:S],491,,,25.0,25.0,,5%,,,,,,,5%,10%,,,,,,,,,,,,,,,,,,,
왕립 아라드 고교 SD 남마법사[20~25Lv],601,65.0,65.0,65.0,65.0,,,,,,,3%,,3%,,,75.0,75.0,75.0,,,,,,,,,,,,,,,
SD 큰 어른 루톤,810,100.0,110.0,100.0,110.0,,5%,2%,2%,,2%,3%,10.0,3%,19%,3%,,,,,,,,,,,,,,,,,,
SD 인다라천[평범한],601,65.0,65.0,65.0,65.0,,5%,2%,2%,,2%,3%,,3%,,,80.0,80.0,80.0,,,,,,,,,,,,,,,
가워스,315,,,,,,5%,3%,3%,,3%,,,,,,,,,,3%,,,,,,,,,,,,,
BIG SD 여마법사 크리쳐,315,,,,,,,,,10%,,,,,,,,,,10kg,,,,,,,,,,,,,,
SD 반투족 전사,315,,,,,,,,,,,,,,,,,,,,,,,,,,,,,,,,,
베리드,315,,,,,,5%,,,,,,,,,,,,,,,,,,,,,,,,150.0,,,
챠프,315,,,,,,5%,,,,,1%,,1%,,,,,,,,,,,,,,,,,,,,
새 친구 SD 총검사 크리쳐,315,,,,,,,,,10%,,,,,,,,,,,,,,,,,,,,,,,,
SD 프라임[노련한],731,65.0,65.0,65.0,65.0,,5%,2%,2%,,2%,3%,,3%,18%,,,,,,,,,,,,,,,,,,,
순백의 옵타티오,991,100.0,110.0,100.0,110.0,,5%,2%,2%,,2%,3%,30.0,3%,25%,7%,,,,,,,,,,,,,,,,,,
길 잃은 전사(레드),315,,,,,6.0,28,,,,,,,,,,,,,,,,,,,,,,,,,,,
차분한 집사 제이드[단련된],601,65.0,65.0,65.0,65.0,,5%,2%,2%,,2%,3%,20.0,3%,,,,,,,,,,,,,,,,,,,,
순수한 인디언 소년[신성한],731,100.0,100.0,100.0,100.0,,,,,,,3%,,3%,,,,,100.0,,,,,,,,,,,,,,,
돌,315,10.0,10.0,10.0,10.0,,,,,10%,,,,,,,10.0,10.0,10.0,,,,,,,,,,,,,,,
2022 쁘띠 골드 크라운,601,65.0,65.0,65.0,65.0,,5%,2%,2%,,2%,3%,,3%,15%,,,,,,,,,,,,,,,,,,,
토파즈 뿡뎅이[15~20Lv],601,65.0,65.0,65.0,65.0,,,,,,,3%,,3%,,,75.0,75.0,75.0,,,,,,,,,,,,,,,
SD 다크로드[평범한],601,65.0,65.0,65.0,65.0,,5%,2%,2%,,2%,3%,,3%,,,80.0,80.0,80.0,,,,,,,,,,,,,,,
소나무,315,10.0,10.0,10.0,10.0,,,,,10%,,,,,,,10.0,10.0,10.0,,,,,,,,,,,,,,,
왕립 아라드 고교 SD 남마법사[15~20Lv],601,65.0,65.0,65.0,65.0,,,,,,,3%,,3%,,,75.0,75.0,75.0,,,,,,,,,,,,,,,
텔크시페이아[15~20Lv],601,55.0,55.0,55.0,55.0,,,,,,,3%,,3%,,,50.0,50.0,80.0,,,,,,,,,,,,,,,
트리니,315,,,,,,,,,,,,,,,,,,,,,,,,,,,,,,,,,
SD 나이트,601,65.0,65.0,65.0,65.0,,,2%,2%,,2%,3%,,3%,,,80.0,80.0,80.0,,,,,,,,,,,,,,,
거북,315,10.0,10.0,10.0,10.0,,,,,10%,,,,,,,10.0,10.0,10.0,,,,,,,,,,,,,,,
핑크 빛의 유니콘,315,10.0,,10.0,,,5%,,,10%,,,,,,,,,,,,,,,,,,,,,,,,
SD 여사제,315,,,,,,,,,,,,,,,,,,,,,,,,,,,,,,,,,
SD 음악가,315,,,,,,,,,,,,,,,,,,,,,,,,,,,,,,,,,
SD 리디머[평범한],601,65.0,65.0,65.0,65.0,,5%,2%,2%,,2%,3%,,3%,,,80.0,80.0,80.0,,,,,,,,,,,,,,,
SD 에레보스[노련한],731,65.0,65.0,65.0,65.0,,5%,2%,2%,,2%,3%,,3%,18%,,,,,,,,,,,,,,,,,,,
크리니,315,,,,,,,,,,,,,,,,,,,,,,,,,,,,,,,,,
호랑이 크리쳐,315,15.0,15.0,15.0,15.0,,,,,10%,,,,,,,,,,,,,,,,,,,,,,,,
신성한 얼어붙은 은빛 여우 소녀,731,100.0,100.0,100.0,100.0,,,,,,,3%,,3%,,,,,100.0,,,,,,,,,,,,,,,
사파이어 뿡뎅이[30~35Lv],601,65.0,65.0,65.0,65.0,,,,,,,3%,,3%,,,75.0,75.0,75.0,,,,,,,,,,,,,,,
썰매타는 지미,315,,,30.0,20.0,,5%,,,,2%,,,,,,,,,,,,,,,,,,,,,,,
SD 여프리스트,601,65.0,65.0,65.0,65.0,,,2%,2%,,2%,3%,,3%,,,80.0,80.0,80.0,,,,,,,,,,,,,,,
에메랄드 뿡뎅이[15~20Lv],601,65.0,65.0,65.0,65.0,,,,,,,3%,,3%,,,75.0,75.0,75.0,,,,,,,,,,,,,,,
세리아의 환영 (30일),315,10.0,,10.0,,,5%,1%,1%,10%,1%,,,,,,,,,,,,,,,,,,,,,,,
SD 이클립스[평범한],601,65.0,65.0,65.0,65.0,,5%,2%,2%,,2%,3%,,3%,,,80.0,80.0,80.0,,,,,,,,,,,,,,,
순수한 인디언 소년[단련된],601,65.0,65.0,65.0,65.0,,,2%,2%,,2%,3%,20.0,3%,,,,,,,,,,,,,,,,,,,,
SD 루나[기간제],810,100.0,110.0,100.0,110.0,,5%,2%,2%,,2%,3%,10.0,3%,19%,3%,,,,,,,,,,,,,,,,,,
SD 여귀검사,601,65.0,65.0,65.0,65.0,,,2%,2%,,2%,3%,,3%,,,80.0,80.0,80.0,,,,,,,,,,,,,,,
에메랄드 뿡뎅이[25~30Lv],601,65.0,65.0,65.0,65.0,,,,,,,3%,,3%,,,75.0,75.0,75.0,,,,,,,,,,,,,,,
SD 에레보스[단련된],601,65.0,65.0,65.0,65.0,,5%,2%,2%,,2%,3%,20.0,3%,,,,,,,,,,,,,,,,,,,,
SD 그림리퍼[평범한],601,65.0,65.0,65.0,65.0,,5%,2%,2%,,2%,3%,,3%,,,80.0,80.0,80.0,,,,,,,,,,,,,,,
SD 인형사,315,,,,,,,,,,,,,,,,,,,,,,,,,,,,,,,,,
썰매타는 앵거스,315,30.0,20.0,,,,5%,,,,2%,,,,,,,,,,,,,,,,,,,,,,,
왕립 아라드 고교 SD 도적[30~35Lv],601,65.0,65.0,65.0,65.0,,,,,,,3%,,3%,,,75.0,75.0,75.0,,,,,,,,,,,,,,,
SD 가이아[평범한],601,65.0,65.0,65.0,65.0,,5%,2%,2%,,2%,3%,,3%,,,80.0,80.0,80.0,,,,,,,,,,,,,,,
SD 디어사이드[평범한],601,65.0,65.0,65.0,65.0,,5%,2%,2%,,2%,3%,,3%,,,80.0,80.0,80.0,,,,,,,,,,,,,,,
SD 단골손님,315,,,,,,,,,,,,,,,,,,,,,,,,,,,,,,,,,
SD 마제스티[평범한],601,65.0,65.0,65.0,65.0,,5%,2%,2%,,2%,3%,,3%,,,80.0,80.0,80.0,,,,,,,,,,,,,,,
SD 염제 폐월수화[평범한],601,65.0,65.0,65.0,65.0,,5%,2%,2%,,2%,3%,,3%,,,80.0,80.0,80.0,,,,,,,,,,,,,,,
SD 도적,601,65.0,65.0,65.0,65.0,,,2%,2%,,2%,3%,,3%,,,80.0,80.0,80.0,,,,,,,,,,,,,,,
어린이날의 쁘띠 알렉스,315,,,,,,5%,3%,,,3%,,,,,,,,,,,,,,,,,,,,,,,
SD 뱀파이어 로드[노련한],731,65.0,65.0,65.0,65.0,,5%,2%,2%,,2%,3%,,3%,18%,,,,,,,,,,,,,,,,,,,
SD 디스트로이어[평범한],601,65.0,65.0,65.0,65.0,,5%,2%,2%,,2%,3%,,3%,,,80.0,80.0,80.0,,,,,,,,,,,,,,,
SD 여거너,601,65.0,65.0,65.0,65.0,,,2%,2%,,2%,3%,,3%,,,80.0,80.0,80.0,,,,,,,,,,,,,,,
HAPPY GON 크리쳐,315,,,,,250.0,5%,,,,,,,,,,,,,,3%,,10%,,,,,,,,,250.0,250.0,2%
핫섬머 SD프리스트 크리쳐,397,15.0,15.0,15.0,15.0,,5%,,,,,,,,7%,,,,,,,,,,,,,,,,,,,
데이니,315,,,,,,,,,,,,,,,,,,,,,,,,,,,,,,,,,
SD 듀란달[평범한],601,65.0,65.0,65.0,65.0,,5%,2%,2%,,2%,3%,,3%,,,80.0,80.0,80.0,,,,,,,,,,,,,,,
왕립 아라드 고교 SD 여프리스트[30~35Lv],601,65.0,65.0,65.0,65.0,,,,,,,3%,,3%,,,75.0,75.0,75.0,,,,,,,,,,,,,,,
SD 남격투가,601,65.0,65.0,65.0,65.0,,,2%,2%,,2%,3%,,3%,,,80.0,80.0,80.0,,,,,,,,,,,,,,,
파라스,315,,,,,,5%,,,,,,,,,,,,,,,,5%,,,,,,,,,,,
SD 외교관,315,,,,,,,,,,,,,,,,,,,,,,,,,,,,,,,,,
SD 남마법사,601,65.0,65.0,65.0,65.0,,,2%,2%,,2%,3%,,3%,,,80.0,80.0,80.0,,,,,,,,,,,,,,,
왕립 아라드 고교 SD 남격투가[15~20Lv],601,65.0,65.0,65.0,65.0,,,,,,,3%,,3%,,,75.0,75.0,75.0,,,,,,,,,,,,,,,
SD 디외르베[고결한],601,65.0,65.0,65.0,65.0,,,,,,,3%,,3%,,,,,75.0,,,,,,,,,,,,,,,
신성한 타오르는 붉은 늑대 소년,731,100.0,100.0,100.0,100.0,,,,,,,3%,,3%,,,,,100.0,,,,,,,,,,,,,,,
서퍼 도베르만,397,50.0,50.0,50.0,50.0,,,2%,2%,,2%,3%,20.0,3%,,,,,,,,,,,,,,,,,,,,
SD 시라누이[평범한],601,65.0,65.0,65.0,65.0,,5%,2%,2%,,2%,3%,,3%,,,80.0,80.0,80.0,,,,,,,,,,,,,,,
SD 알키오네[평범한],601,65.0,65.0,65.0,65.0,,5%,2%,2%,,2%,3%,,3%,,,80.0,80.0,80.0,,,,,,,,,,,,,,,
SD 워로드[평범한],601,65.0,65.0,65.0,65.0,,5%,2%,2%,,2%,3%,,3%,,,80.0,80.0,80.0,,,,,,,,,,,,,,,
토파즈 뿡뎅이[25~30Lv],601,65.0,65.0,65.0,65.0,,,,,,,3%,,3%,,,75.0,75.0,75.0,,,,,,,,,,,,,,,
똑똑한 피노키오,315,,,25.0,25.0,,5%,2%,,,2%,,,7%,,,,,,,,,,,,,,,,,,,,
서퍼 비글,397,50.0,50.0,50.0,50.0,,,2%,2%,,2%,8%,,8%,,,85.0,85.0,85.0,,,,,,,,,,,,,,,
에메랄드 뿡뎅이[20~25Lv],601,65.0,65.0,65.0,65.0,,,,,,,3%,,3%,,,75.0,75.0,75.0,,,,,,,,,,,,,,,
SD 계곡 감시자 렐,810,100.0,110.0,100.0,110.0,,5%,2%,2%,,2%,3%,10.0,3%,19%,3%,,,,,,,,,,,,,,,,,,
왕립 아라드 고교 SD 남프리스트[25~30Lv],601,65.0,65.0,65.0,65.0,,,,,,,3%,,3%,,,75.0,75.0,75.0,,,,,,,,,,,,,,,
왕립 아라드 고교 SD 여거너[20~25Lv],601,65.0,65.0,65.0,65.0,,,,,,,3%,,3%,,,75.0,75.0,75.0,,,,,,,,,,,,,,,
SD 여격투가,601,65.0,65.0,65.0,65.0,,,2%,2%,,2%,3%,,3%,,,80.0,80.0,80.0,,,,,,,,,,,,,,,
SD 네메시스[평범한],601,65.0,65.0,65.0,65.0,,5%,2%,2%,,2%,3%,,3%,,,80.0,80.0,80.0,,,,,,,,,,,,,,,
태양의 수호자 키르케[평범한],601,65.0,65.0,65.0,65.0,,5%,2%,2%,,2%,3%,,3%,,,80.0,80.0,80.0,,,,,,,,,,,,,,,
휴먼로이드 B [강타:A],397,25.0,25.0,,,,5%,,,,,5%,,,8%,,,,,,,,,,,,,,,,,,,
흰모래 몽쿠츠,315,15.0,15.0,,,,5%,,,,,2%,5.0,,,,,,,,,,,,,,,,,,,,,
루비 뿡뎅이[25~30Lv],601,65.0,65.0,65.0,65.0,,,,,,,3%,,3%,,,75.0,75.0,75.0,,,,,,,,,,,,,,,
SD 황도군,315,,,,,,,,,,,,,,,,,,,,,,,,,,,,,,,,,
핫섬머 SD남거너 크리쳐,397,15.0,15.0,15.0,15.0,,5%,,,,,,,,7%,,,,,,,,,,,,,,,,,,,
엘본,315,,,,,,5%,,,,,,,,,,,,,,,,5%,,,,,,,,,,,
SD 점술가,315,,,,,,,,,,,,,,,,,,,,,,,,,,,,,,,,,
SD 얼티밋 디바[노련한],731,65.0,65.0,65.0,65.0,,5%,2%,2%,,2%,3%,,3%,18%,,,,,,,,,,,,,,,,,,,
왕립 아라드 고교 SD 남귀검사[20~25Lv],601,65.0,65.0,65.0,65.0,,,,,,,3%,,3%,,,75.0,75.0,75.0,,,,,,,,,,,,,,,
순수한 인디언 소녀[신성한],731,100.0,100.0,100.0,100.0,,,,,,,3%,,3%,,,,,100.0,,,,,,,,,,,,,,,
SD 염황 광풍제월[평범한],601,65.0,65.0,65.0,65.0,,5%,2%,2%,,2%,3%,,3%,,,80.0,80.0,80.0,,,,,,,,,,,,,,,
SD 광부,315,,,,,,,,,,,,,,,,,,,,,,,,,,,,,,,,,
휴먼로이드 P [페이탈:A],397,,,25.0,25.0,,5%,,,,,,,5%,8%,,,,,,,,,,,,,,,,,,,
SD 예비 샤먼,315,,,,,,,,,,,,,,,,,,,,,,,,,,,,,,,,,
똑똑한 피노키아,315,,,25.0,25.0,,5%,,2%,,2%,,,7%,,,,,,,,,,,,,,,,,,,,
붉은모래 몽쿠츠,315,,,15.0,15.0,,5%,,,,,,5.0,2%,,,,,,,,,,,,,,,,,,,,
SD 타나토스[평범한],601,65.0,65.0,65.0,65.0,,5%,2%,2%,,2%,3%,,3%,,,80.0,80.0,80.0,,,,,,,,,,,,,,,
왕립 아라드 고교 SD 남거너[30~35Lv],601,65.0,65.0,65.0,65.0,,,,,,,3%,,3%,,,75.0,75.0,75.0,,,,,,,,,,,,,,,
루비 뿡뎅이[30~35Lv],601,65.0,65.0,65.0,65.0,,,,,,,3%,,3%,,,75.0,75.0,75.0,,,,,,,,,,,,,,,
태양의 수호자 키르케[빛나는],397,65.0,65.0,65.0,65.0,,,,,,,,,,,,,,,,,,,,,,,,,,,,,
SD 초붕의 수제자,315,,,,,,,,,,,,,,,,,,,,,,,,,,,,,,,,,
왕립 아라드 고교 SD 마창사[15~20Lv],601,65.0,65.0,65.0,65.0,,,,,,,3%,,3%,,,75.0,75.0,75.0,,,,,,,,,,,,,,,
휴먼로이드 B [페이탈:A],397,25.0,25.0,,,,5%,,,,,5%,,,8%,,,,,,,,,,,,,,,,,,,
SD 프레이야[평범한],601,65.0,65.0,65.0,65.0,,5%,2%,2%,,2%,3%,,3%,,,80.0,80.0,80.0,,,,,,,,,,,,,,,
왕립 아라드 고교 SD 총검사[30~35Lv],601,65.0,65.0,65.0,65.0,,,,,,,3%,,3%,,,75.0,75.0,75.0,,,,,,,,,,,,,,,
돌아온 무지개뱀 꼬꼬마 (15~20Lv),601,55.0,55.0,55.0,55.0,,,,,,,5%,,5%,,,55.0,55.0,55.0,,,,,,,,,,,,,,,
왕립 아라드 고교 SD 남거너[20~25Lv],601,65.0,65.0,65.0,65.0,,,,,,,3%,,3%,,,75.0,75.0,75.0,,,,,,,,,,,,,,,
사파이어 뿡뎅이[25~30Lv],601,65.0,65.0,65.0,65.0,,,,,,,3%,,3%,,,75.0,75.0,75.0,,,,,,,,,,,,,,,
강화된 세리아의 환영 (7일),601,65.0,65.0,65.0,65.0,,5%,2%,2%,,2%,3%,,3%,15%,,,,,,,,,,,,,,,,,,,
SD 스톰트루퍼[평범한],601,65.0,65.0,65.0,65.0,,5%,2%,2%,,2%,3%,,3%,,,80.0,80.0,80.0,,,,,,,,,,,,,,,
황금모래 몽쿠츠,397,25.0,25.0,,,,5%,,,,,5%,10.0,,,,,,,,,,,,,,,,,,,,,
핫섬머 SD남마법사 크리쳐,397,15.0,15.0,15.0,15.0,,5%,,,,,,,,7%,,,,,,,,,,,,,,,,,,,
핫섬머 SD남귀검사 크리쳐,397,15.0,15.0,15.0,15.0,,5%,,,,,,,,7%,,,,,,,,,,,,,,,,,,,
SD 마신[평범한],601,65.0,65.0,65.0,65.0,,5%,2%,2%,,2%,3%,,3%,,,80.0,80.0,80.0,,,,,,,,,,,,,,,
불로초,315,10.0,10.0,10.0,10.0,,,,,10%,,,,,,,10.0,10.0,10.0,,,,,,,,,,,,,,,
차분한 집사 제이드[평범한],601,65.0,65.0,65.0,65.0,,5%,2%,2%,,2%,3%,,3%,,,80.0,80.0,80.0,,,,,,,,,,,,,,,
휴먼로이드 P [엘레멘탈:S],315,,,25.0,25.0,,5%,,,,,,10.0,5%,,,,,,,,,,,,,,,,,,,,
SD 용독문주[평범한],601,65.0,65.0,65.0,65.0,,5%,2%,2%,,2%,3%,,3%,,,80.0,80.0,80.0,,,,,,,,,,,,,,,
왕립 아라드 고교 SD 남프리스트[20~25Lv],601,65.0,65.0,65.0,65.0,,,,,,,3%,,3%,,,75.0,75.0,75.0,,,,,,,,,,,,,,,
SD 천선낭랑[평범한],601,65.0,65.0,65.0,65.0,,5%,2%,2%,,2%,3%,,3%,,,80.0,80.0,80.0,,,,,,,,,,,,,,,
SD 쌍수 검사,315,,,,,,,,,,,,,,,,,,,,,,,,,,,,,,,,,
SD 패황[평범한],601,65.0,65.0,65.0,65.0,,5%,2%,2%,,2%,3%,,3%,,,80.0,80.0,80.0,,,,,,,,,,,,,,,
휴먼로이드 B [엘레멘탈:S],315,25.0,25.0,,,,5%,,,,,5%,10.0,,,,,,,,,,,,,,,,,,,,,
토파즈 뿡뎅이[30~35Lv],601,65.0,65.0,65.0,65.0,,,,,,,3%,,3%,,,75.0,75.0,75.0,,,,,,,,,,,,,,,
로임,315,,,,,,5%,,,,,,,,,,,,,,,1.5%,,,,,,,,,,,,
SD GBL 신도,315,,,,,,,,,,,,,,,,,,,,,,,,,,,,,,,,,
돌아온 무지개뱀 꼬꼬마 (30~35Lv),601,55.0,55.0,55.0,55.0,,,,,,,5%,,5%,,,55.0,55.0,55.0,,,,,,,,,,,,,,,
왕립 아라드 고교 SD 남귀검사[25~30Lv],601,65.0,65.0,65.0,65.0,,,,,,,3%,,3%,,,75.0,75.0,75.0,,,,,,,,,,,,,,,
SD 총검사,601,65.0,65.0,65.0,65.0,,,2%,2%,,2%,3%,,3%,,,80.0,80.0,80.0,,,,,,,,,,,,,,,
사파이어 뿡뎅이[15~20Lv],601,65.0,65.0,65.0,65.0,,,,,,,3%,,3%,,,75.0,75.0,75.0,,,,,,,,,,,,,,,
휴먼로이드 P [강타:S],491,,,25.0,25.0,,5%,,,,,,,5%,10%,,,,,,,,,,,,,,,,,,,
SD 로얄가드,315,,,,,,,,,,,,,,,,,,,,,,,,,,,,,,,,,
SD 갓파더[평범한],601,65.0,65.0,65.0,65.0,,5%,2%,2%,,2%,3%,,3%,,,80.0,80.0,80.0,,,,,,,,,,,,,,,
페시노에[15~20Lv],491,,,,,,,,,,,3%,,3%,,,55.0,55.0,75.0,,,,,,,,,,,,,,,
SD 패스파인더[평범한],601,65.0,65.0,65.0,65.0,,5%,2%,2%,,2%,3%,,3%,,,80.0,80.0,80.0,,,,,,,,,,,,,,,
페시노에,315,,,,,,,,,,,3%,,3%,,,55.0,55.0,75.0,,,,,,,,,,,,,,,
오!오! 무지개뱀 꼬꼬마 (15~20Lv),601,55.0,55.0,55.0,55.0,,,,,,,5%,,5%,,,55.0,55.0,55.0,,,,,,,,,,,,,,,
SD 언터처블[평범한],601,65.0,65.0,65.0,65.0,,5%,2%,2%,,2%,3%,,3%,,,80.0,80.0,80.0,,,,,,,,,,,,,,,
아글라오페[15~20Lv],601,65.0,65.0,65.0,65.0,,,,,,,3%,,3%,,,,,75.0,,,,,,,,,,,,,,,
루비 뿡뎅이[15~20Lv],601,65.0,65.0,65.0,65.0,,,,,,,3%,,3%,,,75.0,75.0,75.0,,,,,,,,,,,,,,,
SD 마법학 교수,315,,,,,,,,,,,,,,,,,,,,,,,,,,,,,,,,,
왕립 아라드 고교 SD 남프리스트[15~20Lv],601,65.0,65.0,65.0,65.0,,,,,,,3%,,3%,,,75.0,75.0,75.0,,,,,,,,,,,,,,,
돌아온 무지개뱀 꼬꼬마 (25~30Lv),601,55.0,55.0,55.0,55.0,,,,,,,5%,,5%,,,55.0,55.0,55.0,,,,,,,,,,,,,,,
SD 차기 교주,315,,,,,,,,,,,,,,,,,,,,,,,,,,,,,,,,,
SD 태을선인[평범한],601,65.0,65.0,65.0,65.0,,5%,2%,2%,,2%,3%,,3%,,,80.0,80.0,80.0,,,,,,,,,,,,,,,
SD 레퀴엠[평범한],601,65.0,65.0,65.0,65.0,,5%,2%,2%,,2%,3%,,3%,,,80.0,80.0,80.0,,,,,,,,,,,,,,,
쁘띠 베베,315,,,10.0,10.0,,5%,3%,3%,,3%,,,,,,,,,,,,,,,,,,,,,,,
SD 가이드,315,,,,,,,,,,,,,,,,,,,,,,,,,,,,,,,,,
SD 무역상,315,,,,,,,,,,,,,,,,,,,,,,,,,,,,,,,,,
세리아의 환영,315,10.0,,10.0,,,5%,1%,1%,10%,1%,,,,,,,,,,,,,,,,,,,,,,,
왕립 아라드 고교 SD 마창사[25~30Lv],601,65.0,65.0,65.0,65.0,,,,,,,3%,,3%,,,75.0,75.0,75.0,,,,,,,,,,,,,,,
태양의 수호자 키르케[화려한],397,65.0,65.0,65.0,65.0,,,,,,,12%,,12%,,,,,75.0,,,,,,,,,,,,,,,
SD 흰 구름 전령 에를리히[기간제],991,100.0,110.0,100.0,110.0,,5%,2%,2%,,2%,3%,30.0,3%,25%,7%,,,,,,,,,,,,,,,,,,
텔크시페이아[20~25Lv],601,55.0,55.0,55.0,55.0,,,,,,,3%,,3%,,,50.0,50.0,80.0,,,,,,,,,,,,,,,
휴먼로이드 B,315,25.0,25.0,,,,5%,,,,,5%,,,,,,,,,,,,,,,,,,,,,,
SD 프라임[단련된],601,65.0,65.0,65.0,65.0,,5%,2%,2%,,2%,3%,20.0,3%,,,,,,,,,,,,,,,,,,,,
SD 커맨더[평범한],601,65.0,65.0,65.0,65.0,,5%,2%,2%,,2%,3%,,3%,,,80.0,80.0,80.0,,,,,,,,,,,,,,,
SD 옵티머스[평범한],601,65.0,65.0,65.0,65.0,,5%,2%,2%,,2%,3%,,3%,,,80.0,80.0,80.0,,,,,,,,,,,,,,,
SD 이모탈[평범한],601,65.0,65.0,65.0,65.0,,5%,2%,2%,,2%,3%,,3%,,,80.0,80.0,80.0,,,,,,,,,,,,,,,
SD 남프리스트,601,65.0,65.0,65.0,65.0,,,2%,2%,,2%,3%,,3%,,,80.0,80.0,80.0,,,,,,,,,,,,,,,
SD 저스티스[평범한],601,65.0,65.0,65.0,65.0,,5%,2%,2%,,2%,3%,,3%,,,80.0,80.0,80.0,,,,,,,,,,,,,,,
오!오! 무지개뱀 꼬꼬마 (20~25Lv),601,55.0,55.0,55.0,55.0,,,,,,,5%,,5%,,,55.0,55.0,55.0,,,,,,,,,,,,,,,
산,315,10.0,10.0,10.0,10.0,,,,,10%,,,,,,,10.0,10.0,10.0,,,,,,,,,,,,,,,
SD 검제[평범한],601,65.0,65.0,65.0,65.0,,5%,2%,2%,,2%,3%,,3%,,,80.0,80.0,80.0,,,,,,,,,,,,,,,
휴먼로이드 P [강타:A],397,,,25.0,25.0,,5%,,,,,,,5%,8%,,,,,,,,,,,,,,,,,,,
어린이날의 아미,315,,,,,,5%,,,,,,,,,,,,,10kg,,,,,,,,,,,,,,
SD 영혼 사육자 몬데그린[고결한],601,65.0,65.0,65.0,65.0,,,,,,,3%,,3%,,,,,75.0,,,,,,,,,,,,,,,
왕립 아라드 고교 SD 남마법사[30~35Lv],601,65.0,65.0,65.0,65.0,,,,,,,3%,,3%,,,75.0,75.0,75.0,,,,,,,,,,,,,,,
검은모래 몽쿠츠,397,,,25.0,25.0,,5%,,,,,,10.0,5%,,,,,,,,,,,,,,,,,,,,
SD 마창사,601,65.0,65.0,65.0,65.0,,,2%,2%,,2%,3%,,3%,,,80.0,80.0,80.0,,,,,,,,,,,,,,,
SD 아이올로스[평범한],601,65.0,65.0,65.0,65.0,,5%,2%,2%,,2%,3%,,3%,,,80.0,80.0,80.0,,,,,,,,,,,,,,,
어린이날의 쁘띠 어설터,315,27.0,18.0,,,,5%,,,,,,,,,,,,,,,,,,,,,,,,,,,
달의 수호자 야나[화려한],397,65.0,65.0,65.0,65.0,,,,,,,12%,,12%,,,,,75.0,,,,,,,,,,,,,,,
토파즈 뿡뎅이[20~25Lv],601,65.0,65.0,65.0,65.0,,,,,,,3%,,3%,,,75.0,75.0,75.0,,,,,,,,,,,,,,,
SD 이터널[평범한],601,65.0,65.0,65.0,65.0,,5%,2%,2%,,2%,3%,,3%,,,80.0,80.0,80.0,,,,,,,,,,,,,,,
SD 제노사이더[평범한],601,65.0,65.0,65.0,65.0,,5%,2%,2%,,2%,3%,,3%,,,80.0,80.0,80.0,,,,,,,,,,,,,,,
휴먼로이드 B [증강:S],315,25.0,25.0,,,300.0,5%,,,,,5%,,,,,,,,,,,,,,,,,,,,,,
왕립 아라드 고교 SD 마창사[20~25Lv],601,65.0,65.0,65.0,65.0,,,,,,,3%,,3%,,,75.0,75.0,75.0,,,,,,,,,,,,,,,
핫섬머 SD남격투가 크리쳐,397,15.0,15.0,15.0,15.0,,5%,,,,,,,,7%,,,,,,,,,,,,,,,,,,,
아글라오페,315,65.0,65.0,65.0,65.0,,,,,,,3%,,3%,,,,,75.0,,,,,,,,,,,,,,,
SD 몰레크[용감한],601,50.0,50.0,50.0,50.0,,,2%,2%,,2%,3%,20.0,3%,,,,,,,,,,,,,,,,,,,,
힘쎈 피노키아,315,25.0,25.0,,,,5%,,2%,,2%,7%,,,,,,,,,,,,,,,,,,,,,,
왕립 아라드 고교 SD 남거너[25~30Lv],601,65.0,65.0,65.0,65.0,,,,,,,3%,,3%,,,75.0,75.0,75.0,,,,,,,,,,,,,,,
휴먼로이드 B [크리티컬:S],315,25.0,25.0,,,,5%,,,,,15%,,10%,,,,,,,,,,,,,,,,,,,,
휴먼로이드 P [스탯:A],315,30.0,30.0,55.0,55.0,,5%,,,,,,,5%,,,,,,,,,,,,,,,,,,,,
SD 오블리비언[평범한],601,65.0,65.0,65.0,65.0,,5%,2%,2%,,2%,3%,,3%,,,80.0,80.0,80.0,,,,,,,,,,,,,,,
왕립 아라드 고교 SD 총검사[15~20Lv],601,65.0,65.0,65.0,65.0,,,,,,,3%,,3%,,,75.0,75.0,75.0,,,,,,,,,,,,,,,
